UserID,NormalizedUniqueLocation
0,"0.70,0.22"
0,"0.72,0.22"
0,"0.73,0.22"
0,"0.76,0.15"
0,"0.76,0.22"
0,"0.77,0.20"
0,"0.77,0.23"
0,"0.78,0.29"
1,"0.81,0.50"
1,"0.81,0.51"
1,"0.82,0.51"
1,"0.82,0.52"
1,"0.84,0.50"
1,"0.84,0.51"
1,"0.85,0.51"
1,"0.85,0.52"
2,"0.73,0.16"
2,"0.76,0.15"
4,"0.64,0.05"
4,"0.75,0.15"
4,"0.76,0.15"
4,"0.77,0.16"
5,"0.70,0.22"
5,"0.72,0.22"
5,"0.73,0.16"
5,"0.78,0.18"
5,"0.78,0.29"
7,"0.70,0.22"
8,"0.76,0.15"
8,"0.78,0.29"
9,"0.77,0.23"
10,"0.77,0.23"
11,"0.67,0.27"
11,"0.68,0.27"
11,"0.77,0.23"
12,"0.28,0.36"
12,"0.30,0.37"
12,"0.33,0.37"
12,"0.38,0.39"
13,"0.73,0.16"
13,"0.78,0.30"
13,"0.79,0.29"
13,"0.79,0.30"
13,"0.83,0.15"
13,"0.83,0.17"
13,"0.84,0.15"
14,"0.70,0.22"
14,"0.76,0.15"
14,"0.79,0.30"
15,"0.70,0.22"
15,"0.72,0.22"
15,"0.73,0.16"
15,"0.73,0.18"
15,"0.74,0.20"
15,"0.75,0.15"
15,"0.76,0.15"
15,"0.77,0.16"
15,"0.77,0.20"
15,"0.78,0.29"
15,"0.79,0.29"
15,"0.79,0.30"
15,"0.86,0.50"
15,"0.87,0.51"
16,"0.70,0.24"
16,"0.76,0.15"
16,"0.77,0.20"
16,"0.77,0.29"
16,"0.78,0.29"
17,"0.74,0.24"
17,"0.74,0.25"
17,"0.75,0.24"
17,"0.75,0.25"
17,"0.79,0.25"
18,"0.72,0.17"
19,"0.70,0.22"
19,"0.71,0.20"
19,"0.72,0.17"
19,"0.72,0.18"
19,"0.72,0.19"
19,"0.73,0.26"
19,"0.74,0.24"
19,"0.77,0.28"
20,"0.70,0.23"
20,"0.71,0.23"
20,"0.72,0.22"
20,"0.72,0.23"
20,"0.78,0.29"
20,"0.92,0.53"
20,"0.93,0.53"
21,"0.73,0.16"
21,"0.73,0.17"
21,"0.78,0.29"
22,"0.67,0.27"
22,"0.70,0.22"
22,"0.72,0.22"
22,"0.73,0.16"
22,"0.73,0.17"
22,"0.73,0.26"
22,"0.75,0.17"
22,"0.77,0.28"
22,"0.77,0.29"
22,"0.78,0.29"
22,"0.79,0.25"
22,"0.80,0.25"
22,"0.80,0.27"
22,"0.82,0.15"
23,"0.70,0.27"
23,"0.79,0.28"
23,"0.79,0.29"
23,"0.80,0.28"
23,"0.80,0.29"
24,"0.76,0.15"
24,"0.77,0.23"
24,"0.77,0.28"
24,"0.78,0.27"
24,"0.84,0.51"
25,"0.76,0.15"
26,"0.63,0.06"
26,"0.70,0.22"
26,"0.72,0.18"
26,"0.75,0.15"
26,"0.75,0.17"
26,"0.76,0.15"
26,"0.77,0.16"
27,"0.67,0.27"
27,"0.68,0.22"
27,"0.69,0.21"
27,"0.70,0.20"
27,"0.70,0.21"
27,"0.70,0.22"
27,"0.70,0.23"
27,"0.71,0.20"
27,"0.71,0.21"
27,"0.71,0.22"
27,"0.71,0.27"
27,"0.72,0.22"
27,"0.74,0.21"
27,"0.76,0.15"
27,"0.77,0.26"
27,"0.78,0.29"
28,"0.75,0.23"
28,"0.76,0.23"
28,"0.76,0.24"
28,"0.77,0.20"
28,"0.77,0.23"
28,"0.77,0.24"
28,"0.79,0.23"
28,"0.80,0.23"
28,"0.81,0.23"
29,"0.70,0.22"
29,"0.72,0.22"
29,"0.74,0.22"
29,"0.79,0.25"
29,"0.79,0.30"
29,"0.80,0.30"
30,"0.70,0.22"
30,"0.72,0.20"
30,"0.72,0.22"
30,"0.73,0.18"
30,"0.73,0.20"
30,"0.81,0.15"
30,"0.82,0.15"
31,"0.70,0.22"
31,"0.79,0.25"
32,"0.69,0.23"
32,"0.70,0.22"
32,"0.70,0.23"
32,"0.72,0.22"
34,"0.76,0.15"
34,"0.78,0.29"
34,"0.80,0.30"
34,"0.81,0.30"
35,"0.69,0.23"
35,"0.70,0.22"
35,"0.70,0.23"
35,"0.71,0.22"
35,"0.72,0.21"
35,"0.72,0.22"
35,"0.72,0.23"
35,"0.73,0.16"
35,"0.78,0.29"
36,"0.78,0.29"
36,"0.83,0.15"
37,"0.77,0.25"
39,"0.73,0.16"
39,"0.73,0.17"
39,"0.76,0.15"
39,"0.76,0.16"
39,"0.77,0.16"
39,"0.78,0.29"
39,"0.86,0.50"
40,"0.76,0.15"
40,"0.77,0.26"
40,"0.78,0.26"
40,"0.78,0.29"
40,"0.79,0.29"
40,"0.79,0.30"
40,"0.82,0.15"
41,"0.63,0.25"
41,"0.69,0.27"
41,"0.70,0.22"
41,"0.70,0.23"
41,"0.71,0.22"
41,"0.72,0.22"
41,"0.74,0.24"
41,"0.78,0.29"
41,"0.79,0.25"
41,"0.79,0.30"
42,"0.70,0.22"
42,"0.70,0.23"
42,"0.76,0.15"
42,"0.77,0.20"
42,"0.77,0.28"
42,"0.79,0.25"
43,"0.63,0.06"
43,"0.73,0.16"
43,"0.77,0.23"
44,"0.70,0.22"
44,"0.78,0.29"
44,"0.80,0.28"
47,"0.63,0.25"
47,"0.73,0.26"
47,"0.74,0.27"
47,"0.74,0.28"
47,"0.76,0.15"
47,"0.77,0.20"
48,"0.70,0.22"
48,"0.73,0.26"
48,"0.74,0.26"
49,"0.77,0.23"
49,"0.77,0.28"
49,"0.78,0.23"
50,"0.79,0.25"
50,"0.80,0.27"
51,"0.70,0.23"
51,"0.73,0.16"
51,"0.74,0.19"
51,"0.74,0.20"
51,"0.74,0.21"
51,"0.74,0.22"
51,"0.74,0.27"
51,"0.75,0.19"
51,"0.75,0.20"
51,"0.75,0.23"
51,"0.76,0.20"
51,"0.76,0.22"
51,"0.76,0.24"
51,"0.77,0.23"
51,"0.79,0.30"
51,"0.80,0.30"
51,"0.81,0.23"
51,"0.81,0.24"
51,"0.82,0.21"
52,"0.22,0.55"
52,"0.70,0.22"
52,"0.70,0.23"
52,"0.71,0.23"
52,"0.72,0.22"
52,"0.73,0.16"
52,"0.76,0.15"
52,"0.77,0.28"
52,"0.78,0.29"
52,"0.79,0.30"
53,"0.73,0.16"
53,"0.75,0.17"
53,"0.76,0.15"
53,"0.77,0.16"
53,"0.78,0.29"
53,"0.79,0.30"
54,"0.70,0.22"
54,"0.71,0.22"
54,"0.72,0.22"
54,"0.72,0.23"
54,"0.73,0.18"
54,"0.75,0.17"
54,"0.78,0.29"
54,"0.79,0.30"
55,"0.77,0.20"
55,"0.78,0.20"
56,"0.82,0.15"
56,"0.83,0.15"
57,"0.76,0.15"
57,"0.80,0.27"
57,"0.81,0.29"
57,"0.82,0.29"
57,"0.84,0.15"
57,"0.85,0.15"
58,"0.70,0.22"
58,"0.73,0.16"
58,"0.76,0.15"
59,"0.74,0.27"
59,"0.76,0.15"
59,"0.77,0.28"
59,"0.89,0.49"
60,"0.74,0.22"
60,"0.75,0.22"
61,"0.78,0.27"
62,"0.70,0.22"
62,"0.73,0.16"
62,"0.73,0.18"
62,"0.75,0.17"
62,"0.76,0.15"
62,"0.76,0.16"
62,"0.77,0.16"
62,"0.77,0.20"
62,"0.78,0.18"
62,"0.78,0.29"
62,"0.79,0.30"
62,"0.80,0.19"
62,"0.81,0.23"
62,"0.83,0.15"
63,"0.68,0.26"
63,"0.68,0.27"
63,"0.73,0.16"
63,"0.73,0.18"
63,"0.75,0.17"
63,"0.76,0.15"
63,"0.77,0.20"
63,"0.87,0.51"
63,"0.88,0.49"
63,"0.92,0.53"
63,"0.93,0.53"
64,"0.77,0.23"
65,"0.77,0.23"
66,"0.68,0.22"
66,"0.70,0.22"
67,"0.70,0.22"
67,"0.77,0.28"
67,"0.83,0.52"
67,"0.83,0.53"
67,"0.84,0.52"
67,"0.85,0.52"
67,"0.86,0.52"
68,"0.67,0.27"
68,"0.69,0.27"
68,"0.70,0.22"
68,"0.70,0.26"
68,"0.71,0.26"
68,"0.72,0.25"
68,"0.73,0.25"
68,"0.73,0.26"
68,"0.74,0.24"
69,"0.69,0.27"
70,"0.76,0.15"
70,"0.77,0.20"
71,"0.19,0.91"
71,"0.22,0.92"
71,"0.22,0.93"
71,"0.69,0.22"
71,"0.70,0.22"
71,"0.70,0.23"
71,"0.71,0.22"
71,"0.72,0.22"
71,"0.73,0.16"
71,"0.73,0.17"
71,"0.73,0.18"
71,"0.73,0.23"
71,"0.75,0.17"
71,"0.75,0.22"
71,"0.75,0.23"
71,"0.76,0.15"
71,"0.76,0.22"
71,"0.76,0.23"
71,"0.77,0.15"
71,"0.77,0.16"
71,"0.77,0.23"
71,"0.77,0.28"
71,"0.78,0.23"
71,"0.78,0.29"
71,"0.79,0.25"
71,"0.80,0.25"
72,"0.86,0.50"
73,"0.72,0.17"
73,"0.73,0.16"
73,"0.73,0.26"
73,"0.73,0.27"
73,"0.74,0.27"
73,"0.75,0.15"
73,"0.75,0.25"
73,"0.75,0.26"
73,"0.76,0.15"
73,"0.77,0.15"
73,"0.77,0.23"
73,"0.78,0.27"
73,"0.79,0.27"
73,"0.79,0.28"
73,"0.80,0.28"
74,"0.70,0.22"
75,"0.75,0.23"
75,"0.77,0.23"
76,"0.74,0.90"
76,"0.76,0.15"
77,"0.69,0.27"
77,"0.70,0.22"
77,"0.72,0.17"
77,"0.74,0.28"
77,"0.75,0.15"
77,"0.76,0.15"
77,"0.78,0.29"
77,"0.79,0.25"
78,"0.70,0.22"
78,"0.72,0.18"
78,"0.73,0.16"
78,"0.73,0.18"
78,"0.75,0.15"
78,"0.76,0.15"
78,"0.78,0.29"
78,"0.79,0.53"
79,"0.70,0.21"
79,"0.70,0.22"
79,"0.73,0.16"
79,"0.73,0.17"
79,"0.76,0.15"
79,"0.79,0.25"
80,"0.70,0.22"
81,"0.70,0.22"
81,"0.72,0.22"
81,"0.72,0.23"
81,"0.73,0.16"
81,"0.73,0.17"
81,"0.75,0.15"
81,"0.76,0.15"
81,"0.76,0.22"
81,"0.76,0.23"
81,"0.77,0.20"
81,"0.77,0.23"
81,"0.78,0.29"
81,"0.79,0.15"
81,"0.81,0.15"
82,"0.76,0.15"
83,"0.22,0.55"
83,"0.28,0.58"
83,"0.70,0.22"
83,"0.71,0.22"
83,"0.77,0.28"
84,"0.64,0.05"
84,"0.70,0.22"
84,"0.73,0.17"
84,"0.75,0.15"
84,"0.76,0.15"
84,"0.77,0.16"
84,"0.78,0.29"
85,"0.19,0.91"
85,"0.22,0.93"
85,"0.70,0.22"
85,"0.73,0.16"
85,"0.73,0.26"
85,"0.75,0.15"
85,"0.76,0.15"
85,"0.76,0.16"
85,"0.77,0.16"
85,"0.78,0.29"
85,"0.79,0.53"
85,"0.80,0.28"
85,"0.81,0.28"
85,"0.84,0.15"
85,"0.84,0.51"
85,"0.84,0.52"
85,"0.85,0.52"
85,"0.86,0.50"
86,"0.73,0.16"
86,"0.74,0.27"
86,"0.74,0.28"
86,"0.76,0.15"
87,"0.75,0.15"
87,"0.76,0.15"
87,"0.77,0.24"
87,"0.78,0.29"
88,"0.70,0.22"
88,"0.70,0.23"
88,"0.72,0.17"
88,"0.72,0.22"
88,"0.73,0.16"
88,"0.73,0.26"
88,"0.74,0.24"
88,"0.76,0.15"
88,"0.77,0.28"
88,"0.78,0.29"
89,"0.70,0.22"
89,"0.70,0.24"
89,"0.70,0.25"
89,"0.71,0.22"
89,"0.71,0.25"
89,"0.72,0.22"
89,"0.72,0.23"
89,"0.72,0.24"
89,"0.73,0.25"
89,"0.73,0.26"
89,"0.76,0.15"
90,"0.72,0.22"
90,"0.73,0.26"
90,"0.74,0.23"
90,"0.74,0.24"
90,"0.74,0.27"
90,"0.74,0.28"
90,"0.76,0.22"
90,"0.77,0.28"
90,"0.78,0.23"
91,"0.63,0.20"
91,"0.67,0.27"
91,"0.70,0.20"
91,"0.70,0.21"
91,"0.70,0.22"
91,"0.70,0.23"
91,"0.70,0.27"
91,"0.72,0.17"
91,"0.72,0.22"
91,"0.72,0.27"
91,"0.73,0.16"
91,"0.73,0.17"
91,"0.73,0.18"
91,"0.73,0.26"
91,"0.76,0.28"
91,"0.77,0.20"
91,"0.77,0.28"
91,"0.78,0.29"
91,"0.79,0.25"
92,"0.69,0.27"
92,"0.70,0.22"
92,"0.73,0.26"
92,"0.76,0.15"
92,"0.78,0.29"
92,"0.80,0.53"
92,"0.82,0.52"
92,"0.84,0.53"
92,"0.86,0.50"
93,"0.45,0.38"
93,"0.73,0.26"
93,"0.75,0.17"
93,"0.76,0.15"
94,"0.22,0.30"
94,"0.23,0.30"
94,"0.70,0.22"
94,"0.72,0.22"
94,"0.75,0.23"
94,"0.79,0.25"
95,"0.75,0.17"
95,"0.76,0.15"
95,"0.77,0.16"
95,"0.77,0.20"
95,"0.78,0.20"
96,"0.70,0.22"
96,"0.74,0.27"
96,"0.76,0.15"
96,"0.77,0.16"
96,"0.77,0.20"
96,"0.77,0.29"
96,"0.78,0.29"
96,"0.79,0.30"
96,"0.82,0.29"
96,"0.83,0.30"
97,"0.70,0.22"
97,"0.71,0.22"
97,"0.72,0.22"
97,"0.76,0.15"
97,"0.79,0.25"
97,"0.79,0.30"
98,"0.69,0.27"
98,"0.70,0.22"
98,"0.71,0.22"
98,"0.72,0.22"
99,"0.67,0.27"
99,"0.76,0.15"
99,"0.77,0.15"
99,"0.77,0.20"
99,"0.78,0.20"
99,"0.85,0.49"
99,"0.86,0.49"
99,"0.86,0.50"
100,"0.69,0.27"
100,"0.86,0.49"
100,"0.86,0.50"
101,"0.72,0.17"
101,"0.74,0.16"
101,"0.75,0.15"
101,"0.76,0.15"
101,"0.77,0.20"
101,"0.79,0.30"
101,"0.80,0.30"
102,"0.69,0.23"
102,"0.70,0.22"
102,"0.70,0.23"
102,"0.72,0.22"
103,"0.32,0.66"
103,"0.73,0.26"
103,"0.76,0.15"
103,"0.84,0.50"
103,"0.84,0.51"
103,"0.84,0.52"
103,"0.87,0.54"
104,"0.66,0.65"
104,"0.70,0.22"
104,"0.70,0.59"
104,"0.71,0.60"
104,"0.72,0.17"
104,"0.72,0.60"
104,"0.73,0.16"
104,"0.73,0.17"
104,"0.73,0.18"
104,"0.73,0.60"
104,"0.75,0.15"
104,"0.75,0.17"
104,"0.75,0.60"
104,"0.76,0.15"
104,"0.76,0.16"
104,"0.77,0.20"
104,"0.78,0.20"
104,"0.78,0.29"
104,"0.78,0.58"
104,"0.79,0.25"
106,"0.70,0.22"
106,"0.73,0.16"
106,"0.73,0.17"
106,"0.76,0.15"
106,"0.78,0.29"
106,"0.82,0.15"
107,"0.70,0.22"
107,"0.72,0.17"
107,"0.72,0.22"
107,"0.73,0.16"
107,"0.73,0.18"
107,"0.76,0.15"
107,"0.76,0.24"
107,"0.77,0.20"
107,"0.77,0.23"
107,"0.77,0.24"
107,"0.77,0.25"
108,"0.76,0.15"
109,"0.70,0.22"
109,"0.71,0.22"
109,"0.78,0.29"
109,"0.82,0.15"
109,"0.83,0.15"
110,"0.69,0.27"
110,"0.77,0.23"
111,"0.76,0.15"
111,"0.77,0.20"
111,"0.78,0.29"
111,"0.79,0.29"
111,"0.79,0.30"
112,"0.70,0.22"
112,"0.70,0.23"
112,"0.71,0.23"
113,"0.70,0.22"
113,"0.72,0.22"
114,"0.70,0.23"
114,"0.72,0.22"
114,"0.72,0.23"
114,"0.72,0.24"
114,"0.74,0.20"
114,"0.75,0.17"
114,"0.83,0.15"
114,"0.83,0.16"
115,"0.69,0.27"
115,"0.70,0.22"
115,"0.70,0.23"
115,"0.70,0.24"
115,"0.72,0.22"
115,"0.77,0.28"
115,"0.78,0.29"
116,"0.68,0.22"
116,"0.70,0.22"
116,"0.71,0.22"
116,"0.72,0.22"
116,"0.73,0.23"
116,"0.74,0.22"
116,"0.74,0.28"
116,"0.75,0.17"
116,"0.75,0.23"
116,"0.76,0.15"
116,"0.77,0.16"
119,"0.67,0.27"
119,"0.76,0.15"
120,"0.48,0.50"
120,"0.83,0.49"
120,"0.84,0.49"
120,"0.84,0.50"
120,"0.84,0.51"
120,"0.85,0.51"
120,"0.86,0.51"
120,"0.86,0.52"
121,"0.70,0.22"
121,"0.72,0.22"
121,"0.76,0.15"
121,"0.78,0.18"
121,"0.79,0.30"
121,"0.82,0.15"
121,"0.84,0.50"
122,"0.70,0.22"
122,"0.72,0.22"
122,"0.72,0.23"
122,"0.72,0.27"
122,"0.73,0.21"
123,"0.73,0.16"
123,"0.76,0.15"
123,"0.78,0.29"
124,"0.70,0.22"
124,"0.70,0.23"
124,"0.72,0.17"
124,"0.73,0.16"
124,"0.73,0.17"
124,"0.74,0.16"
124,"0.74,0.89"
124,"0.74,0.90"
124,"0.75,0.15"
124,"0.75,0.17"
124,"0.76,0.15"
124,"0.77,0.20"
124,"0.77,0.28"
124,"0.77,0.29"
124,"0.78,0.15"
124,"0.78,0.20"
124,"0.78,0.29"
124,"0.79,0.15"
124,"0.79,0.29"
124,"0.79,0.30"
124,"0.80,0.15"
124,"0.80,0.30"
124,"0.81,0.15"
124,"0.82,0.15"
124,"0.84,0.15"
125,"0.70,0.22"
125,"0.70,0.24"
125,"0.71,0.22"
125,"0.72,0.22"
125,"0.72,0.23"
125,"0.72,0.27"
125,"0.73,0.26"
126,"0.67,0.27"
126,"0.71,0.20"
126,"0.73,0.16"
126,"0.76,0.15"
127,"0.72,0.18"
127,"0.73,0.16"
127,"0.73,0.18"
127,"0.76,0.24"
127,"0.77,0.23"
127,"0.77,0.24"
127,"0.77,0.28"
127,"0.77,0.29"
127,"0.78,0.23"
127,"0.79,0.25"
128,"0.69,0.26"
128,"0.69,0.27"
128,"0.76,0.15"
128,"0.77,0.16"
128,"0.78,0.29"
128,"0.79,0.15"
128,"0.80,0.15"
128,"0.83,0.15"
129,"0.76,0.15"
130,"0.70,0.23"
130,"0.73,0.26"
130,"0.75,0.15"
130,"0.76,0.15"
130,"0.77,0.26"
130,"0.78,0.26"
130,"0.78,0.27"
130,"0.79,0.27"
131,"0.70,0.22"
133,"0.70,0.22"
133,"0.70,0.23"
133,"0.72,0.22"
133,"0.73,0.17"
133,"0.73,0.18"
133,"0.73,0.26"
133,"0.76,0.15"
133,"0.77,0.23"
133,"0.78,0.23"
134,"0.73,0.24"
134,"0.74,0.23"
134,"0.74,0.24"
135,"0.22,0.93"
135,"0.70,0.22"
135,"0.71,0.22"
135,"0.72,0.17"
135,"0.72,0.22"
135,"0.73,0.17"
135,"0.73,0.18"
135,"0.73,0.26"
135,"0.74,0.22"
135,"0.75,0.23"
135,"0.76,0.15"
135,"0.76,0.22"
135,"0.76,0.23"
135,"0.77,0.16"
135,"0.77,0.20"
135,"0.77,0.23"
135,"0.77,0.25"
135,"0.78,0.23"
136,"0.72,0.22"
136,"0.72,0.27"
136,"0.73,0.26"
136,"0.74,0.22"
136,"0.74,0.27"
136,"0.74,0.28"
136,"0.75,0.28"
136,"0.76,0.28"
136,"0.77,0.23"
136,"0.77,0.28"
136,"0.77,0.29"
136,"0.78,0.29"
136,"0.79,0.30"
138,"0.69,0.27"
138,"0.70,0.22"
138,"0.70,0.25"
138,"0.71,0.21"
138,"0.71,0.22"
138,"0.72,0.22"
138,"0.73,0.20"
138,"0.74,0.24"
138,"0.76,0.15"
138,"0.78,0.18"
139,"0.74,0.27"
139,"0.77,0.23"
139,"0.77,0.29"
139,"0.83,0.15"
140,"0.70,0.22"
140,"0.76,0.15"
140,"0.77,0.20"
140,"0.78,0.20"
141,"0.70,0.22"
141,"0.71,0.22"
141,"0.72,0.21"
141,"0.72,0.22"
141,"0.73,0.21"
141,"0.74,0.20"
141,"0.75,0.17"
141,"0.76,0.15"
141,"0.77,0.28"
141,"0.78,0.29"
142,"0.67,0.27"
142,"0.68,0.27"
142,"0.70,0.23"
142,"0.72,0.22"
142,"0.73,0.18"
142,"0.74,0.27"
142,"0.76,0.23"
142,"0.77,0.20"
142,"0.77,0.23"
142,"0.77,0.24"
142,"0.77,0.26"
142,"0.77,0.28"
142,"0.78,0.23"
142,"0.78,0.26"
142,"0.78,0.29"
142,"0.79,0.25"
142,"0.79,0.26"
142,"0.79,0.27"
142,"0.80,0.26"
143,"0.68,0.22"
143,"0.70,0.22"
143,"0.70,0.23"
143,"0.72,0.17"
143,"0.72,0.22"
143,"0.74,0.27"
143,"0.75,0.17"
143,"0.76,0.15"
143,"0.76,0.28"
143,"0.77,0.16"
143,"0.78,0.29"
143,"0.79,0.26"
144,"0.79,0.30"
146,"0.67,0.27"
146,"0.70,0.24"
146,"0.70,0.25"
146,"0.70,0.26"
146,"0.71,0.25"
146,"0.72,0.22"
146,"0.73,0.26"
146,"0.74,0.22"
146,"0.75,0.25"
146,"0.77,0.23"
146,"0.77,0.24"
146,"0.77,0.25"
146,"0.77,0.26"
146,"0.79,0.25"
146,"0.79,0.26"
147,"0.70,0.24"
147,"0.70,0.25"
147,"0.73,0.26"
147,"0.77,0.23"
147,"0.77,0.24"
147,"0.77,0.25"
148,"0.70,0.22"
148,"0.72,0.17"
148,"0.75,0.17"
148,"0.77,0.28"
148,"0.79,0.25"
150,"0.76,0.24"
150,"0.77,0.24"
151,"0.57,0.71"
151,"0.57,0.72"
151,"0.70,0.22"
151,"0.70,0.23"
151,"0.76,0.15"
151,"0.77,0.16"
151,"0.78,0.29"
151,"0.79,0.25"
151,"0.82,0.15"
151,"0.87,0.51"
152,"0.86,0.50"
152,"0.88,0.53"
152,"0.89,0.53"
152,"0.89,0.54"
152,"0.90,0.54"
152,"0.92,0.53"
153,"0.68,0.22"
153,"0.69,0.22"
153,"0.70,0.22"
154,"0.70,0.22"
156,"0.69,0.23"
156,"0.70,0.20"
156,"0.70,0.22"
156,"0.71,0.20"
156,"0.71,0.21"
156,"0.72,0.20"
156,"0.73,0.16"
156,"0.73,0.20"
156,"0.74,0.16"
156,"0.74,0.17"
156,"0.74,0.18"
156,"0.74,0.20"
156,"0.75,0.17"
156,"0.75,0.18"
156,"0.76,0.15"
156,"0.79,0.25"
156,"0.79,0.30"
157,"0.70,0.22"
157,"0.72,0.22"
157,"0.73,0.16"
157,"0.75,0.17"
157,"0.76,0.15"
157,"0.83,0.15"
157,"0.84,0.50"
158,"0.68,0.26"
158,"0.68,0.27"
158,"0.73,0.16"
158,"0.73,0.26"
158,"0.74,0.16"
158,"0.75,0.15"
158,"0.75,0.16"
158,"0.76,0.15"
158,"0.78,0.29"
158,"0.79,0.25"
158,"0.81,0.23"
159,"0.76,0.15"
159,"0.79,0.30"
160,"0.76,0.15"
160,"0.78,0.29"
160,"0.79,0.25"
160,"0.79,0.26"
160,"0.83,0.15"
161,"0.70,0.22"
161,"0.73,0.16"
161,"0.76,0.15"
161,"0.77,0.20"
161,"0.79,0.25"
161,"0.82,0.15"
161,"0.83,0.15"
162,"0.69,0.23"
162,"0.70,0.22"
162,"0.70,0.23"
162,"0.72,0.22"
162,"0.72,0.23"
162,"0.73,0.18"
162,"0.81,0.21"
163,"0.70,0.22"
163,"0.70,0.23"
163,"0.72,0.17"
163,"0.72,0.22"
163,"0.73,0.18"
163,"0.76,0.15"
164,"0.83,0.53"
164,"0.84,0.52"
164,"0.84,0.53"
164,"0.85,0.52"
164,"0.85,0.53"
164,"0.86,0.52"
164,"0.86,0.53"
164,"0.86,0.54"
164,"0.87,0.53"
164,"0.88,0.53"
166,"0.70,0.22"
166,"0.70,0.23"
166,"0.72,0.17"
166,"0.75,0.17"
166,"0.77,0.28"
166,"0.78,0.18"
167,"0.71,0.47"
167,"0.71,0.48"
167,"0.73,0.48"
167,"0.74,0.48"
167,"0.79,0.50"
167,"0.79,0.51"
167,"0.80,0.51"
167,"0.86,0.49"
167,"0.86,0.50"
167,"0.87,0.49"
167,"0.89,0.49"
167,"0.91,0.49"
169,"0.73,0.16"
169,"0.73,0.17"
170,"0.70,0.22"
170,"0.70,0.23"
170,"0.70,0.24"
170,"0.71,0.24"
170,"0.72,0.17"
170,"0.72,0.24"
170,"0.73,0.16"
170,"0.73,0.17"
170,"0.73,0.18"
170,"0.74,0.16"
170,"0.75,0.16"
170,"0.76,0.15"
170,"0.76,0.16"
170,"0.77,0.16"
171,"0.70,0.22"
171,"0.71,0.22"
172,"0.70,0.22"
172,"0.70,0.23"
172,"0.70,0.24"
172,"0.73,0.26"
172,"0.76,0.15"
172,"0.77,0.28"
172,"0.84,0.51"
172,"0.87,0.54"
174,"0.63,0.05"
174,"0.64,0.05"
174,"0.67,0.27"
174,"0.68,0.27"
174,"0.69,0.27"
174,"0.70,0.27"
174,"0.73,0.16"
174,"0.76,0.15"
174,"0.77,0.28"
174,"0.78,0.18"
174,"0.80,0.51"
174,"0.82,0.15"
174,"0.83,0.15"
174,"0.84,0.51"
175,"0.57,0.72"
175,"0.57,0.73"
175,"0.71,0.84"
175,"0.73,0.88"
175,"0.74,0.88"
175,"0.74,0.89"
175,"0.78,0.29"
175,"0.78,0.83"
175,"0.84,0.53"
175,"0.86,0.50"
175,"0.86,0.51"
175,"0.87,0.54"
175,"0.89,0.53"
175,"0.89,0.54"
175,"0.90,0.54"
175,"0.91,0.54"
175,"0.92,0.53"
175,"0.92,0.54"
175,"0.92,0.55"
175,"0.93,0.55"
175,"0.93,0.56"
175,"0.94,0.55"
175,"0.95,0.54"
176,"0.48,0.50"
176,"0.72,0.17"
176,"0.73,0.17"
176,"0.76,0.15"
176,"0.77,0.20"
176,"0.77,0.24"
176,"0.78,0.20"
177,"0.72,0.17"
177,"0.73,0.17"
177,"0.76,0.15"
177,"0.77,0.20"
177,"0.78,0.20"
178,"0.70,0.23"
179,"0.76,0.15"
179,"0.78,0.29"
179,"0.81,0.23"
179,"0.84,0.51"
179,"0.85,0.55"
179,"0.85,0.56"
179,"0.86,0.55"
179,"0.87,0.54"
180,"0.67,0.22"
180,"0.68,0.22"
180,"0.70,0.22"
180,"0.72,0.22"
180,"0.75,0.25"
180,"0.77,0.20"
180,"0.83,0.15"
181,"0.70,0.22"
181,"0.76,0.15"
181,"0.78,0.29"
182,"0.70,0.22"
182,"0.73,0.16"
182,"0.75,0.17"
182,"0.76,0.15"
182,"0.77,0.29"
182,"0.78,0.27"
182,"0.78,0.29"
182,"0.79,0.25"
183,"0.93,0.07"
183,"0.93,0.08"
184,"0.74,0.20"
184,"0.74,0.27"
184,"0.76,0.15"
184,"0.76,0.20"
184,"0.77,0.20"
184,"0.77,0.28"
184,"0.78,0.20"
184,"0.78,0.29"
184,"0.79,0.30"
184,"0.83,0.15"
185,"0.72,0.17"
185,"0.73,0.16"
185,"0.73,0.17"
185,"0.74,0.17"
185,"0.75,0.17"
185,"0.75,0.18"
185,"0.76,0.26"
185,"0.77,0.20"
185,"0.77,0.26"
185,"0.78,0.18"
185,"0.78,0.19"
185,"0.78,0.26"
185,"0.78,0.27"
185,"0.79,0.18"
185,"0.79,0.19"
185,"0.79,0.25"
185,"0.79,0.26"
185,"0.82,0.15"
188,"0.17,0.99"
188,"0.34,1.00"
188,"0.70,0.22"
188,"0.76,0.15"
188,"0.77,0.23"
188,"0.77,0.28"
188,"0.77,0.47"
188,"0.79,0.50"
188,"0.81,0.23"
188,"0.83,0.15"
188,"0.86,0.50"
189,"0.63,0.05"
189,"0.64,0.05"
189,"0.70,0.24"
189,"0.72,0.17"
189,"0.72,0.24"
189,"0.73,0.22"
189,"0.73,0.24"
189,"0.74,0.21"
189,"0.74,0.23"
189,"0.74,0.24"
189,"0.75,0.21"
189,"0.75,0.22"
189,"0.76,0.15"
189,"0.77,0.20"
189,"0.77,0.28"
189,"0.78,0.20"
189,"0.78,0.29"
189,"0.92,0.07"
189,"0.93,0.07"
189,"0.93,0.08"
190,"0.63,0.05"
190,"0.64,0.05"
190,"0.70,0.22"
190,"0.70,0.24"
190,"0.72,0.17"
190,"0.73,0.16"
190,"0.73,0.17"
190,"0.73,0.24"
190,"0.74,0.21"
190,"0.74,0.23"
190,"0.74,0.24"
190,"0.74,0.25"
190,"0.74,0.87"
190,"0.74,0.89"
190,"0.74,0.90"
190,"0.75,0.21"
190,"0.75,0.23"
190,"0.75,0.25"
190,"0.75,0.89"
190,"0.76,0.15"
190,"0.77,0.20"
190,"0.77,0.28"
190,"0.78,0.20"
190,"0.78,0.26"
190,"0.78,0.29"
190,"0.79,0.25"
190,"0.83,0.15"
190,"0.92,0.07"
190,"0.93,0.07"
190,"0.93,0.08"
191,"0.76,0.15"
191,"0.77,0.16"
191,"0.78,0.29"
191,"0.86,0.49"
192,"0.77,0.23"
193,"0.77,0.20"
193,"0.77,0.22"
193,"0.77,0.23"
193,"0.78,0.20"
194,"0.70,0.22"
194,"0.76,0.15"
194,"0.77,0.20"
194,"0.77,0.23"
194,"0.79,0.25"
194,"0.80,0.25"
195,"0.70,0.27"
195,"0.73,0.26"
195,"0.74,0.24"
195,"0.76,0.24"
195,"0.76,0.26"
195,"0.77,0.20"
195,"0.77,0.23"
195,"0.77,0.24"
195,"0.77,0.26"
195,"0.79,0.25"
195,"0.80,0.24"
195,"0.81,0.23"
196,"0.84,0.55"
197,"0.70,0.22"
197,"0.72,0.17"
197,"0.72,0.22"
197,"0.73,0.16"
197,"0.73,0.17"
197,"0.74,0.16"
197,"0.74,0.22"
197,"0.75,0.16"
197,"0.75,0.17"
197,"0.76,0.15"
197,"0.76,0.16"
197,"0.77,0.20"
198,"0.86,0.51"
198,"0.86,0.52"
198,"0.87,0.51"
200,"0.76,0.15"
201,"0.76,0.15"
201,"0.79,0.25"
202,"0.70,0.22"
203,"0.70,0.22"
204,"0.70,0.22"
204,"0.73,0.26"
204,"0.76,0.15"
204,"0.76,0.24"
204,"0.77,0.20"
204,"0.77,0.24"
204,"0.77,0.25"
204,"0.78,0.20"
204,"0.78,0.22"
204,"0.78,0.23"
204,"0.78,0.25"
204,"0.78,0.29"
204,"0.79,0.25"
204,"0.79,0.50"
204,"0.83,0.15"
204,"0.84,0.15"
205,"0.63,0.05"
205,"0.63,0.06"
205,"0.64,0.05"
205,"0.78,0.54"
205,"0.79,0.50"
205,"0.79,0.53"
205,"0.80,0.27"
205,"0.80,0.52"
205,"0.80,0.53"
205,"0.84,0.15"
206,"0.72,0.22"
206,"0.73,0.22"
206,"0.75,0.23"
206,"0.77,0.24"
206,"0.79,0.25"
206,"0.79,0.26"
208,"0.70,0.21"
208,"0.70,0.22"
208,"0.72,0.22"
208,"0.76,0.15"
208,"0.77,0.28"
209,"0.68,0.26"
209,"0.68,0.27"
209,"0.70,0.22"
209,"0.70,0.23"
209,"0.72,0.22"
209,"0.76,0.15"
209,"0.79,0.25"
210,"0.63,0.20"
210,"0.70,0.22"
210,"0.72,0.22"
210,"0.79,0.25"
211,"0.70,0.22"
211,"0.71,0.22"
211,"0.72,0.22"
211,"0.72,0.23"
211,"0.79,0.25"
212,"0.70,0.22"
213,"0.70,0.22"
213,"0.77,0.20"
213,"0.77,0.26"
213,"0.77,0.29"
213,"0.78,0.20"
213,"0.78,0.28"
213,"0.78,0.29"
213,"0.79,0.23"
213,"0.79,0.25"
214,"0.70,0.22"
214,"0.73,0.22"
214,"0.77,0.23"
215,"0.73,0.16"
215,"0.80,0.27"
215,"0.84,0.15"
215,"0.84,0.53"
215,"0.85,0.15"
215,"0.85,0.17"
215,"0.85,0.18"
215,"0.85,0.52"
215,"0.86,0.16"
215,"0.86,0.17"
215,"0.86,0.18"
215,"0.87,0.54"
216,"0.74,0.17"
216,"0.74,0.20"
216,"0.75,0.16"
216,"0.75,0.17"
216,"0.76,0.15"
216,"0.77,0.20"
216,"0.78,0.20"
217,"0.70,0.22"
217,"0.73,0.17"
217,"0.75,0.15"
217,"0.76,0.15"
217,"0.76,0.16"
217,"0.77,0.16"
217,"0.78,0.29"
217,"0.79,0.30"
217,"0.81,0.32"
217,"0.83,0.15"
218,"0.70,0.23"
218,"0.70,0.24"
218,"0.72,0.22"
218,"0.73,0.22"
218,"0.74,0.20"
218,"0.74,0.22"
218,"0.75,0.17"
218,"0.78,0.29"
218,"0.79,0.25"
219,"0.70,0.23"
219,"0.72,0.22"
219,"0.73,0.22"
219,"0.74,0.22"
219,"0.76,0.15"
219,"0.78,0.29"
220,"0.70,0.22"
220,"0.72,0.22"
221,"0.64,0.05"
221,"0.67,0.27"
221,"0.69,0.27"
221,"0.70,0.23"
221,"0.73,0.25"
221,"0.73,0.26"
221,"0.74,0.23"
221,"0.75,0.15"
221,"0.75,0.17"
221,"0.75,0.18"
221,"0.75,0.28"
221,"0.76,0.15"
221,"0.79,0.30"
221,"0.80,0.30"
222,"0.66,0.27"
222,"0.67,0.27"
222,"0.73,0.16"
222,"0.74,0.16"
222,"0.74,0.28"
222,"0.74,0.29"
222,"0.75,0.15"
222,"0.75,0.28"
222,"0.76,0.15"
222,"0.77,0.28"
222,"0.78,0.29"
222,"0.79,0.25"
222,"0.79,0.26"
222,"0.80,0.24"
222,"0.81,0.21"
222,"0.88,0.18"
223,"0.73,0.16"
223,"0.73,0.17"
223,"0.74,0.16"
223,"0.76,0.15"
223,"0.77,0.20"
223,"0.78,0.20"
223,"0.78,0.29"
224,"0.69,0.23"
224,"0.70,0.22"
224,"0.70,0.23"
224,"0.70,0.24"
224,"0.71,0.23"
224,"0.72,0.22"
224,"0.73,0.17"
225,"0.70,0.22"
225,"0.71,0.22"
226,"0.70,0.22"
226,"0.72,0.22"
226,"0.73,0.18"
226,"0.73,0.23"
226,"0.73,0.26"
226,"0.77,0.15"
226,"0.77,0.20"
226,"0.78,0.29"
227,"0.70,0.22"
227,"0.72,0.20"
227,"0.74,0.21"
227,"0.77,0.20"
227,"0.77,0.29"
228,"0.72,0.22"
228,"0.75,0.23"
228,"0.77,0.23"
228,"0.79,0.23"
228,"0.79,0.25"
229,"0.76,0.15"
229,"0.83,0.15"
231,"0.76,0.15"
231,"0.78,0.22"
231,"0.78,0.23"
231,"0.82,0.15"
232,"0.70,0.25"
232,"0.71,0.25"
232,"0.72,0.24"
232,"0.73,0.24"
232,"0.73,0.25"
232,"0.74,0.23"
232,"0.74,0.24"
232,"0.75,0.23"
232,"0.76,0.22"
232,"0.76,0.23"
232,"0.77,0.23"
233,"0.69,0.27"
233,"0.70,0.22"
233,"0.72,0.22"
234,"0.11,0.00"
234,"0.70,0.22"
234,"0.73,0.26"
234,"0.76,0.15"
234,"0.77,0.20"
234,"0.78,0.29"
234,"0.86,0.50"
235,"0.76,0.15"
236,"0.68,0.26"
236,"0.70,0.23"
236,"0.70,0.25"
236,"0.72,0.22"
236,"0.72,0.23"
236,"0.73,0.23"
236,"0.74,0.23"
236,"0.75,0.23"
236,"0.79,0.25"
236,"0.80,0.25"
237,"0.68,0.26"
237,"0.68,0.27"
237,"0.69,0.27"
237,"0.70,0.22"
237,"0.70,0.26"
237,"0.71,0.22"
237,"0.71,0.26"
237,"0.72,0.22"
237,"0.74,0.22"
237,"0.75,0.22"
237,"0.75,0.25"
237,"0.76,0.15"
237,"0.76,0.22"
237,"0.76,0.23"
237,"0.76,0.24"
237,"0.77,0.16"
237,"0.77,0.20"
237,"0.77,0.23"
237,"0.78,0.24"
237,"0.78,0.29"
237,"0.79,0.23"
237,"0.79,0.24"
237,"0.79,0.25"
237,"0.81,0.23"
238,"0.70,0.22"
238,"0.73,0.17"
238,"0.79,0.25"
238,"0.79,0.26"
238,"0.79,0.30"
239,"0.69,0.27"
239,"0.70,0.27"
239,"0.73,0.18"
239,"0.73,0.26"
239,"0.77,0.20"
239,"0.78,0.20"
239,"0.79,0.20"
239,"0.79,0.25"
239,"0.80,0.21"
239,"0.81,0.21"
240,"0.70,0.22"
240,"0.70,0.23"
240,"0.71,0.20"
240,"0.76,0.15"
241,"0.83,0.15"
241,"0.83,0.16"
241,"0.83,0.17"
241,"0.84,0.15"
241,"0.86,0.18"
241,"0.86,0.49"
241,"0.86,0.50"
241,"0.87,0.50"
242,"0.70,0.22"
242,"0.70,0.23"
242,"0.71,0.22"
242,"0.72,0.22"
242,"0.73,0.16"
242,"0.73,0.17"
242,"0.76,0.24"
242,"0.77,0.20"
242,"0.77,0.24"
242,"0.77,0.28"
242,"0.78,0.20"
242,"0.78,0.29"
242,"0.79,0.25"
242,"0.79,0.29"
242,"0.79,0.30"
242,"0.81,0.23"
242,"0.81,0.24"
243,"0.63,0.06"
243,"0.64,0.05"
243,"0.67,0.27"
243,"0.68,0.27"
243,"0.69,0.27"
243,"0.70,0.22"
243,"0.73,0.16"
243,"0.74,0.27"
243,"0.76,0.15"
243,"0.77,0.28"
243,"0.77,0.29"
243,"0.78,0.29"
243,"0.79,0.25"
243,"0.79,0.29"
243,"0.79,0.30"
243,"0.80,0.27"
244,"0.65,0.19"
244,"0.72,0.17"
244,"0.73,0.16"
244,"0.73,0.17"
245,"0.73,0.16"
245,"0.75,0.15"
245,"0.76,0.15"
245,"0.78,0.18"
245,"0.81,0.23"
245,"0.81,0.24"
245,"0.82,0.23"
245,"0.83,0.23"
246,"0.72,0.17"
246,"0.73,0.16"
246,"0.75,0.15"
246,"0.75,0.16"
246,"0.75,0.17"
246,"0.76,0.15"
246,"0.76,0.16"
246,"0.81,0.15"
246,"0.83,0.15"
247,"0.84,0.15"
247,"0.85,0.15"
247,"0.85,0.16"
247,"0.86,0.50"
247,"0.87,0.47"
247,"0.87,0.49"
247,"0.88,0.48"
248,"0.70,0.22"
248,"0.75,0.23"
248,"0.76,0.22"
248,"0.76,0.23"
248,"0.76,0.24"
248,"0.77,0.15"
248,"0.77,0.20"
248,"0.77,0.23"
248,"0.77,0.24"
248,"0.78,0.22"
248,"0.78,0.23"
248,"0.79,0.23"
249,"0.72,0.17"
249,"0.72,0.18"
249,"0.73,0.16"
249,"0.76,0.15"
249,"0.78,0.29"
249,"0.78,0.58"
249,"0.79,0.30"
249,"0.86,0.50"
250,"0.26,0.93"
250,"0.27,0.93"
251,"0.75,0.15"
251,"0.76,0.15"
252,"0.70,0.22"
252,"0.70,0.23"
252,"0.72,0.22"
252,"0.74,0.28"
252,"0.75,0.15"
252,"0.76,0.15"
252,"0.76,0.24"
252,"0.77,0.24"
252,"0.77,0.28"
252,"0.79,0.25"
252,"0.79,0.29"
252,"0.80,0.27"
252,"0.80,0.29"
253,"0.70,0.22"
253,"0.73,0.16"
253,"0.73,0.26"
253,"0.76,0.15"
253,"0.77,0.23"
253,"0.78,0.25"
253,"0.79,0.30"
253,"0.84,0.15"
253,"0.85,0.15"
254,"0.68,0.26"
254,"0.68,0.27"
254,"0.73,0.16"
254,"0.76,0.15"
254,"0.77,0.16"
254,"0.86,0.50"
255,"0.75,0.15"
255,"0.76,0.15"
256,"0.61,0.31"
256,"0.70,0.22"
256,"0.72,0.22"
256,"0.73,0.26"
256,"0.75,0.23"
256,"0.76,0.24"
256,"0.77,0.23"
256,"0.78,0.29"
257,"0.70,0.22"
257,"0.72,0.22"
257,"0.75,0.23"
257,"0.76,0.24"
257,"0.77,0.23"
257,"0.77,0.24"
257,"0.78,0.29"
258,"0.70,0.22"
258,"0.73,0.26"
258,"0.74,0.28"
258,"0.77,0.28"
259,"0.67,0.27"
259,"0.70,0.22"
259,"0.77,0.23"
259,"0.77,0.24"
260,"0.70,0.20"
260,"0.70,0.22"
260,"0.70,0.23"
260,"0.70,0.25"
260,"0.72,0.22"
260,"0.77,0.28"
261,"0.68,0.27"
261,"0.70,0.22"
261,"0.77,0.28"
261,"0.78,0.29"
263,"0.73,0.16"
263,"0.77,0.23"
264,"0.70,0.22"
264,"0.73,0.18"
264,"0.76,0.15"
264,"0.76,0.24"
266,"0.70,0.22"
266,"0.72,0.17"
266,"0.72,0.22"
266,"0.73,0.16"
266,"0.76,0.15"
267,"0.70,0.22"
267,"0.71,0.22"
267,"0.72,0.22"
267,"0.72,0.23"
267,"0.73,0.18"
267,"0.73,0.22"
267,"0.73,0.23"
267,"0.74,0.22"
267,"0.74,0.23"
267,"0.75,0.23"
267,"0.75,0.24"
267,"0.76,0.15"
267,"0.78,0.18"
267,"0.82,0.15"
268,"0.69,0.23"
268,"0.69,0.27"
268,"0.70,0.20"
268,"0.70,0.21"
268,"0.70,0.22"
268,"0.70,0.23"
268,"0.71,0.19"
268,"0.71,0.20"
268,"0.71,0.21"
268,"0.71,0.22"
268,"0.72,0.18"
268,"0.72,0.19"
268,"0.72,0.20"
268,"0.72,0.23"
268,"0.72,0.27"
268,"0.73,0.16"
268,"0.73,0.17"
268,"0.73,0.18"
268,"0.73,0.23"
268,"0.73,0.24"
268,"0.74,0.16"
268,"0.74,0.18"
268,"0.74,0.19"
268,"0.74,0.20"
268,"0.74,0.24"
268,"0.74,0.25"
268,"0.75,0.15"
268,"0.75,0.25"
268,"0.76,0.15"
268,"0.76,0.26"
268,"0.77,0.26"
268,"0.77,0.28"
268,"0.78,0.26"
268,"0.78,0.29"
268,"0.79,0.30"
268,"0.86,0.50"
268,"0.89,0.49"
269,"0.70,0.22"
269,"0.75,0.25"
270,"0.77,0.23"
271,"0.70,0.22"
271,"0.75,0.17"
272,"0.83,0.15"
272,"0.84,0.15"
273,"0.73,0.18"
273,"0.74,0.25"
273,"0.74,0.26"
273,"0.75,0.17"
273,"0.75,0.25"
273,"0.76,0.24"
273,"0.76,0.25"
273,"0.77,0.23"
273,"0.77,0.24"
273,"0.78,0.22"
273,"0.78,0.23"
273,"0.79,0.30"
273,"0.80,0.25"
274,"0.74,0.22"
275,"0.70,0.22"
275,"0.72,0.22"
275,"0.73,0.16"
275,"0.78,0.29"
276,"0.67,0.27"
276,"0.70,0.22"
276,"0.72,0.22"
276,"0.73,0.26"
276,"0.76,0.15"
276,"0.80,0.25"
276,"0.81,0.23"
277,"0.20,0.99"
278,"0.70,0.22"
278,"0.70,0.23"
278,"0.72,0.22"
278,"0.75,0.25"
278,"0.77,0.28"
280,"0.75,0.15"
280,"0.76,0.15"
281,"0.66,0.27"
281,"0.67,0.27"
281,"0.68,0.27"
281,"0.69,0.26"
281,"0.69,0.27"
281,"0.70,0.26"
281,"0.70,0.27"
281,"0.73,0.26"
281,"0.75,0.17"
281,"0.76,0.15"
281,"0.77,0.28"
281,"0.78,0.29"
281,"0.79,0.25"
281,"0.81,0.23"
281,"0.84,0.51"
281,"0.87,0.20"
281,"0.87,0.51"
281,"0.89,0.49"
282,"0.70,0.22"
282,"0.72,0.22"
282,"0.72,0.23"
282,"0.76,0.15"
282,"0.76,0.28"
282,"0.77,0.23"
282,"0.77,0.28"
282,"0.82,0.15"
283,"0.70,0.22"
283,"0.72,0.22"
283,"0.72,0.23"
283,"0.73,0.22"
283,"0.73,0.23"
283,"0.75,0.23"
284,"0.73,0.16"
284,"0.76,0.15"
285,"0.55,0.26"
285,"0.67,0.27"
285,"0.70,0.23"
285,"0.73,0.16"
285,"0.73,0.26"
285,"0.75,0.15"
285,"0.75,0.17"
285,"0.76,0.15"
285,"0.77,0.29"
285,"0.78,0.29"
285,"0.80,0.29"
285,"0.81,0.23"
285,"0.83,0.15"
286,"0.75,0.17"
286,"0.76,0.23"
286,"0.77,0.23"
286,"0.78,0.23"
287,"0.76,0.26"
287,"0.77,0.26"
287,"0.77,0.28"
287,"0.78,0.27"
287,"0.79,0.30"
288,"0.70,0.22"
288,"0.71,0.22"
288,"0.72,0.22"
288,"0.72,0.60"
288,"0.76,0.15"
289,"0.73,0.26"
289,"0.76,0.23"
289,"0.77,0.23"
289,"0.79,0.30"
290,"0.70,0.22"
290,"0.70,0.23"
290,"0.73,0.16"
290,"0.74,0.20"
290,"0.75,0.15"
290,"0.75,0.17"
290,"0.76,0.15"
291,"0.68,0.26"
291,"0.68,0.27"
291,"0.69,0.26"
291,"0.69,0.27"
292,"0.70,0.22"
292,"0.74,0.17"
292,"0.75,0.17"
292,"0.76,0.15"
292,"0.78,0.29"
292,"0.81,0.23"
294,"0.70,0.22"
294,"0.75,0.17"
295,"0.73,0.16"
295,"0.75,0.15"
295,"0.76,0.15"
295,"0.77,0.28"
296,"0.77,0.23"
296,"0.78,0.23"
297,"0.70,0.22"
297,"0.75,0.17"
297,"0.76,0.15"
297,"0.78,0.29"
297,"0.82,0.15"
297,"0.83,0.15"
298,"0.61,0.31"
298,"0.61,0.32"
298,"0.70,0.22"
298,"0.72,0.22"
298,"0.76,0.15"
298,"0.78,0.29"
298,"0.79,0.25"
299,"0.73,0.17"
299,"0.73,0.18"
299,"0.75,0.17"
299,"0.77,0.23"
299,"0.79,0.25"
300,"0.77,0.23"
301,"0.84,0.54"
301,"0.84,0.55"
301,"0.93,0.57"
301,"0.93,0.58"
301,"0.94,0.57"
302,"0.70,0.22"
302,"0.70,0.23"
302,"0.71,0.25"
302,"0.72,0.22"
302,"0.73,0.26"
302,"0.74,0.24"
302,"0.74,0.27"
302,"0.77,0.20"
302,"0.77,0.24"
302,"0.77,0.28"
302,"0.78,0.20"
302,"0.79,0.25"
302,"0.83,0.15"
303,"0.70,0.22"
303,"0.70,0.23"
303,"0.76,0.15"
303,"0.79,0.25"
304,"0.63,0.06"
304,"0.64,0.05"
304,"0.65,0.19"
304,"0.72,0.17"
304,"0.73,0.16"
304,"0.73,0.17"
304,"0.75,0.15"
304,"0.76,0.15"
304,"0.77,0.15"
304,"0.77,0.16"
304,"0.77,0.20"
304,"0.77,0.28"
304,"0.77,0.29"
304,"0.78,0.29"
304,"0.79,0.25"
304,"0.80,0.27"
304,"0.82,0.29"
306,"0.77,0.23"
307,"0.68,0.26"
307,"0.68,0.27"
307,"0.69,0.27"
307,"0.74,0.89"
307,"0.77,0.28"
308,"0.76,0.15"
308,"0.77,0.29"
308,"0.78,0.29"
308,"0.79,0.30"
309,"0.73,0.17"
309,"0.73,0.26"
309,"0.74,0.26"
309,"0.74,0.27"
309,"0.76,0.15"
309,"0.79,0.15"
309,"0.80,0.15"
309,"0.83,0.15"
309,"0.83,0.16"
309,"0.84,0.15"
309,"0.85,0.15"
310,"0.77,0.23"
312,"0.70,0.22"
312,"0.70,0.23"
312,"0.72,0.22"
312,"0.73,0.16"
312,"0.73,0.18"
312,"0.74,0.27"
312,"0.74,0.28"
312,"0.75,0.15"
312,"0.75,0.17"
312,"0.76,0.15"
312,"0.77,0.16"
312,"0.77,0.20"
312,"0.77,0.28"
312,"0.77,0.29"
312,"0.78,0.29"
312,"0.78,0.50"
312,"0.79,0.25"
312,"0.79,0.26"
312,"0.79,0.30"
312,"0.79,0.50"
312,"0.85,0.52"
313,"0.45,0.29"
313,"0.70,0.22"
313,"0.70,0.23"
313,"0.73,0.16"
313,"0.75,0.15"
313,"0.75,0.17"
313,"0.76,0.15"
313,"0.76,0.16"
313,"0.78,0.29"
313,"0.82,0.15"
313,"0.83,0.15"
313,"0.84,0.15"
314,"0.73,0.26"
315,"0.75,0.23"
316,"0.70,0.26"
316,"0.72,0.26"
316,"0.74,0.27"
316,"0.74,0.28"
316,"0.75,0.17"
316,"0.76,0.15"
316,"0.77,0.28"
316,"0.79,0.25"
317,"0.76,0.15"
317,"0.76,0.24"
317,"0.77,0.23"
317,"0.79,0.30"
317,"0.80,0.25"
318,"0.76,0.15"
318,"0.77,0.28"
319,"0.68,0.26"
319,"0.68,0.27"
319,"0.73,0.18"
319,"0.73,0.26"
319,"0.76,0.15"
319,"0.76,0.24"
319,"0.77,0.20"
319,"0.77,0.23"
319,"0.77,0.24"
319,"0.82,0.15"
319,"0.83,0.15"
320,"0.70,0.22"
320,"0.77,0.20"
320,"0.84,0.15"
321,"0.82,0.15"
322,"0.69,0.27"
322,"0.79,0.25"
322,"0.80,0.24"
322,"0.80,0.25"
323,"0.70,0.22"
323,"0.70,0.23"
323,"0.71,0.18"
323,"0.71,0.22"
323,"0.72,0.18"
323,"0.72,0.19"
323,"0.72,0.22"
323,"0.72,0.23"
323,"0.73,0.18"
323,"0.73,0.22"
323,"0.73,0.23"
323,"0.74,0.22"
323,"0.75,0.23"
323,"0.76,0.23"
324,"0.75,0.17"
324,"0.76,0.15"
324,"0.79,0.25"
324,"0.80,0.27"
324,"0.82,0.29"
325,"0.86,0.50"
326,"0.66,0.84"
326,"0.70,0.22"
326,"0.72,0.22"
326,"0.73,0.16"
326,"0.73,0.18"
326,"0.74,0.89"
326,"0.74,0.90"
326,"0.76,0.15"
327,"0.70,0.22"
327,"0.71,0.22"
328,"0.70,0.22"
328,"0.71,0.22"
328,"0.72,0.22"
328,"0.73,0.22"
329,"0.70,0.22"
329,"0.72,0.22"
329,"0.75,0.15"
329,"0.76,0.15"
329,"0.77,0.20"
329,"0.77,0.28"
329,"0.77,0.29"
329,"0.78,0.18"
329,"0.78,0.29"
329,"0.79,0.25"
329,"0.80,0.27"
330,"0.70,0.22"
330,"0.76,0.15"
331,"0.75,0.15"
331,"0.76,0.15"
331,"0.83,0.17"
332,"0.73,0.26"
332,"0.74,0.56"
332,"0.74,0.57"
332,"0.75,0.17"
332,"0.76,0.15"
332,"0.76,0.56"
332,"0.76,0.57"
332,"0.77,0.56"
332,"0.78,0.29"
332,"0.84,0.50"
332,"0.84,0.51"
332,"0.85,0.52"
332,"0.86,0.50"
332,"0.87,0.54"
332,"0.88,0.49"
333,"0.70,0.22"
333,"0.72,0.17"
333,"0.73,0.17"
333,"0.73,0.18"
333,"0.76,0.15"
333,"0.77,0.20"
333,"0.78,0.29"
334,"0.61,0.28"
334,"0.70,0.22"
334,"0.72,0.17"
334,"0.72,0.22"
334,"0.73,0.26"
334,"0.74,0.22"
334,"0.79,0.25"
334,"0.82,0.15"
334,"0.82,0.16"
335,"0.70,0.22"
335,"0.71,0.22"
335,"0.72,0.22"
335,"0.73,0.22"
335,"0.74,0.22"
335,"0.75,0.23"
335,"0.76,0.24"
335,"0.77,0.24"
336,"0.69,0.27"
336,"0.70,0.22"
336,"0.71,0.22"
336,"0.72,0.22"
336,"0.73,0.16"
336,"0.77,0.20"
336,"0.78,0.29"
337,"0.70,0.22"
337,"0.72,0.22"
337,"0.73,0.22"
337,"0.74,0.22"
337,"0.75,0.17"
337,"0.75,0.23"
337,"0.77,0.20"
338,"0.63,0.06"
338,"0.64,0.05"
338,"0.73,0.16"
338,"0.73,0.17"
338,"0.75,0.15"
338,"0.76,0.15"
338,"0.77,0.28"
338,"0.78,0.18"
339,"0.77,0.23"
339,"0.78,0.23"
339,"0.78,0.29"
340,"0.85,0.48"
340,"0.85,0.49"
340,"0.86,0.49"
340,"0.87,0.49"
340,"0.88,0.49"
340,"0.88,0.50"
340,"0.89,0.49"
340,"0.90,0.49"
341,"0.70,0.24"
341,"0.73,0.26"
341,"0.77,0.28"
341,"0.78,0.28"
341,"0.78,0.29"
342,"0.70,0.22"
343,"0.54,0.61"
343,"0.74,0.27"
343,"0.75,0.23"
343,"0.76,0.23"
343,"0.76,0.24"
343,"0.77,0.23"
343,"0.77,0.24"
343,"0.77,0.28"
343,"0.78,0.23"
343,"0.80,0.52"
343,"0.86,0.50"
344,"0.70,0.22"
344,"0.71,0.22"
345,"0.67,0.27"
345,"0.70,0.22"
345,"0.76,0.15"
345,"0.78,0.29"
345,"0.80,0.29"
346,"0.76,0.22"
346,"0.76,0.23"
346,"0.77,0.23"
346,"0.78,0.18"
346,"0.78,0.20"
346,"0.78,0.21"
346,"0.78,0.23"
346,"0.79,0.17"
346,"0.79,0.19"
346,"0.81,0.17"
346,"0.83,0.15"
347,"0.48,0.79"
347,"0.64,0.82"
347,"0.67,0.27"
347,"0.68,0.71"
347,"0.68,0.72"
347,"0.69,0.72"
347,"0.70,0.22"
347,"0.70,0.27"
347,"0.72,0.22"
347,"0.73,0.16"
347,"0.73,0.17"
347,"0.74,0.90"
347,"0.75,0.16"
347,"0.75,0.89"
347,"0.76,0.15"
347,"0.77,0.20"
347,"0.77,0.28"
347,"0.78,0.18"
347,"0.78,0.20"
347,"0.78,0.29"
347,"0.79,0.25"
347,"0.80,0.26"
347,"0.86,0.49"
347,"0.86,0.50"
347,"0.91,0.53"
349,"0.74,0.24"
349,"0.75,0.23"
350,"0.70,0.22"
350,"0.70,0.23"
350,"0.71,0.22"
350,"0.72,0.22"
350,"0.76,0.15"
350,"0.81,0.15"
350,"0.82,0.15"
351,"0.75,0.23"
351,"0.76,0.24"
351,"0.77,0.20"
351,"0.77,0.23"
351,"0.77,0.24"
351,"0.78,0.20"
353,"0.70,0.22"
354,"0.67,0.27"
354,"0.70,0.22"
354,"0.70,0.23"
354,"0.72,0.22"
354,"0.73,0.16"
354,"0.74,0.16"
354,"0.75,0.15"
354,"0.75,0.17"
354,"0.76,0.15"
354,"0.77,0.16"
354,"0.78,0.29"
354,"0.82,0.54"
354,"0.83,0.15"
354,"0.84,0.55"
354,"0.85,0.52"
354,"0.92,0.55"
355,"0.70,0.22"
355,"0.72,0.22"
355,"0.76,0.15"
355,"0.77,0.20"
355,"0.78,0.27"
355,"0.78,0.29"
355,"0.79,0.25"
355,"0.79,0.30"
355,"0.80,0.30"
355,"0.82,0.15"
355,"0.92,0.55"
355,"0.92,0.58"
356,"0.74,0.26"
356,"0.74,0.27"
356,"0.75,0.26"
356,"0.75,0.27"
356,"0.75,0.28"
356,"0.76,0.28"
356,"0.77,0.24"
356,"0.77,0.28"
356,"0.77,0.29"
356,"0.78,0.23"
356,"0.78,0.28"
356,"0.78,0.29"
356,"0.79,0.23"
358,"0.73,0.17"
358,"0.76,0.15"
359,"0.76,0.15"
359,"0.85,0.52"
360,"0.73,0.16"
360,"0.73,0.17"
360,"0.74,0.16"
360,"0.74,0.17"
360,"0.74,0.18"
360,"0.74,0.19"
360,"0.74,0.20"
360,"0.75,0.15"
360,"0.75,0.17"
360,"0.75,0.18"
360,"0.75,0.19"
360,"0.76,0.15"
360,"0.76,0.18"
360,"0.76,0.19"
360,"0.78,0.18"
361,"0.88,0.49"
361,"0.88,0.50"
361,"0.89,0.49"
362,"0.70,0.22"
362,"0.71,0.22"
362,"0.72,0.17"
362,"0.72,0.22"
362,"0.74,0.22"
362,"0.75,0.23"
362,"0.76,0.22"
362,"0.76,0.23"
362,"0.76,0.26"
362,"0.77,0.20"
362,"0.77,0.23"
362,"0.78,0.29"
362,"0.79,0.25"
362,"0.86,0.50"
363,"0.70,0.22"
363,"0.72,0.22"
363,"0.72,0.23"
363,"0.73,0.17"
363,"0.75,0.15"
363,"0.76,0.15"
363,"0.76,0.22"
363,"0.76,0.23"
363,"0.77,0.20"
363,"0.77,0.23"
363,"0.79,0.25"
363,"0.86,0.50"
363,"0.88,0.48"
364,"0.70,0.22"
364,"0.71,0.22"
364,"0.72,0.22"
365,"0.70,0.23"
365,"0.73,0.16"
365,"0.73,0.17"
365,"0.76,0.15"
365,"0.77,0.16"
365,"0.78,0.29"
365,"0.83,0.15"
366,"0.68,0.22"
366,"0.70,0.22"
366,"0.71,0.22"
367,"0.76,0.15"
368,"0.77,0.23"
369,"0.82,0.15"
370,"0.25,0.59"
370,"0.26,0.59"
370,"0.28,0.58"
370,"0.48,0.79"
370,"0.55,0.71"
370,"0.59,0.71"
370,"0.61,0.71"
370,"0.62,0.27"
370,"0.62,0.70"
370,"0.64,0.82"
370,"0.65,0.19"
370,"0.66,0.65"
370,"0.67,0.27"
370,"0.70,0.23"
370,"0.70,0.24"
370,"0.73,0.16"
370,"0.73,0.18"
370,"0.74,0.27"
370,"0.76,0.15"
370,"0.78,0.29"
372,"0.71,0.26"
372,"0.73,0.25"
372,"0.74,0.26"
372,"0.75,0.17"
372,"0.75,0.25"
372,"0.75,0.26"
372,"0.75,0.27"
372,"0.76,0.15"
372,"0.76,0.27"
372,"0.76,0.28"
372,"0.77,0.16"
372,"0.77,0.28"
372,"0.77,0.29"
372,"0.78,0.28"
372,"0.78,0.29"
372,"0.79,0.25"
372,"0.79,0.29"
372,"0.81,0.29"
372,"0.83,0.15"
372,"0.84,0.15"
372,"0.84,0.30"
372,"0.85,0.15"
373,"0.63,0.25"
373,"0.70,0.22"
373,"0.74,0.27"
373,"0.77,0.26"
373,"0.77,0.29"
373,"0.78,0.26"
373,"0.78,0.27"
373,"0.78,0.29"
374,"0.77,0.23"
375,"0.14,0.98"
375,"0.70,0.22"
375,"0.70,0.23"
375,"0.71,0.23"
375,"0.72,0.23"
375,"0.76,0.15"
376,"0.70,0.22"
376,"0.73,0.16"
376,"0.73,0.17"
376,"0.75,0.15"
376,"0.75,0.16"
376,"0.75,0.17"
376,"0.76,0.15"
376,"0.77,0.20"
376,"0.77,0.25"
376,"0.79,0.25"
376,"0.80,0.25"
376,"0.81,0.24"
376,"0.81,0.25"
376,"0.86,0.50"
377,"0.74,0.27"
377,"0.76,0.15"
377,"0.77,0.23"
378,"0.70,0.23"
378,"0.72,0.17"
378,"0.73,0.16"
378,"0.78,0.29"
379,"0.74,0.59"
379,"0.75,0.48"
379,"0.75,0.49"
379,"0.89,0.53"
379,"0.89,0.54"
379,"0.90,0.54"
379,"0.91,0.54"
379,"0.92,0.54"
379,"0.92,0.55"
381,"0.69,0.23"
381,"0.70,0.23"
381,"0.72,0.22"
382,"0.86,0.50"
382,"0.87,0.49"
382,"0.87,0.50"
382,"0.88,0.49"
382,"0.89,0.49"
382,"0.90,0.49"
383,"0.73,0.18"
383,"0.74,0.27"
383,"0.77,0.28"
383,"0.77,0.29"
383,"0.78,0.28"
383,"0.78,0.29"
384,"0.66,0.27"
384,"0.67,0.27"
384,"0.70,0.22"
384,"0.72,0.18"
384,"0.72,0.22"
384,"0.72,0.23"
384,"0.73,0.18"
384,"0.76,0.15"
384,"0.77,0.23"
384,"0.77,0.26"
384,"0.77,0.28"
384,"0.79,0.25"
384,"0.79,0.26"
384,"0.80,0.25"
384,"0.80,0.26"
384,"0.81,0.26"
384,"0.82,0.26"
386,"0.70,0.24"
386,"0.72,0.22"
386,"0.72,0.23"
386,"0.74,0.18"
386,"0.75,0.17"
387,"0.70,0.22"
387,"0.70,0.23"
388,"0.70,0.22"
390,"0.75,0.23"
390,"0.76,0.15"
390,"0.76,0.22"
390,"0.76,0.23"
390,"0.77,0.23"
391,"0.74,0.24"
391,"0.75,0.23"
391,"0.75,0.24"
391,"0.76,0.24"
391,"0.77,0.23"
391,"0.77,0.24"
392,"0.70,0.22"
392,"0.71,0.22"
392,"0.72,0.22"
392,"0.73,0.16"
392,"0.73,0.17"
392,"0.73,0.18"
392,"0.73,0.22"
392,"0.74,0.24"
392,"0.74,0.89"
392,"0.75,0.15"
392,"0.75,0.23"
392,"0.75,0.24"
392,"0.76,0.15"
392,"0.76,0.24"
392,"0.77,0.23"
392,"0.77,0.24"
393,"0.75,0.25"
393,"0.76,0.26"
393,"0.77,0.26"
393,"0.77,0.28"
394,"0.76,0.15"
395,"0.76,0.15"
395,"0.80,0.27"
395,"0.80,0.28"
395,"0.81,0.28"
395,"0.81,0.29"
395,"0.82,0.29"
396,"0.74,0.24"
396,"0.74,0.25"
396,"0.81,0.15"
396,"0.82,0.15"
397,"0.73,0.28"
397,"0.74,0.28"
397,"0.75,0.27"
397,"0.75,0.28"
398,"0.73,0.16"
398,"0.73,0.17"
398,"0.76,0.15"
399,"0.75,0.15"
399,"0.76,0.15"
399,"0.78,0.29"
399,"0.80,0.28"
399,"0.80,0.53"
399,"0.81,0.28"
399,"0.85,0.52"
400,"0.69,0.27"
400,"0.72,0.27"
400,"0.73,0.26"
400,"0.75,0.17"
400,"0.75,0.25"
400,"0.77,0.20"
400,"0.77,0.23"
400,"0.78,0.29"
400,"0.79,0.25"
400,"0.79,0.30"
401,"0.70,0.22"
401,"0.70,0.23"
401,"0.71,0.22"
401,"0.72,0.22"
401,"0.74,0.24"
401,"0.75,0.25"
402,"0.74,0.22"
404,"0.72,0.22"
405,"0.76,0.15"
406,"0.68,0.27"
406,"0.70,0.23"
406,"0.70,0.27"
406,"0.75,0.25"
406,"0.76,0.24"
406,"0.77,0.23"
406,"0.78,0.29"
406,"0.80,0.25"
406,"0.81,0.25"
407,"0.73,0.26"
407,"0.74,0.25"
407,"0.74,0.26"
407,"0.75,0.25"
407,"0.75,0.27"
408,"0.66,0.84"
408,"0.67,0.27"
408,"0.68,0.27"
408,"0.69,0.27"
408,"0.70,0.22"
408,"0.70,0.27"
408,"0.72,0.22"
408,"0.73,0.16"
408,"0.73,0.26"
408,"0.74,0.22"
408,"0.74,0.27"
408,"0.76,0.15"
408,"0.77,0.20"
408,"0.77,0.28"
408,"0.78,0.24"
408,"0.78,0.25"
408,"0.79,0.25"
408,"0.81,0.15"
408,"0.82,0.15"
410,"0.75,0.15"
410,"0.76,0.15"
411,"0.77,0.20"
411,"0.79,0.19"
411,"0.79,0.24"
411,"0.79,0.26"
411,"0.80,0.19"
411,"0.80,0.26"
412,"0.72,0.17"
412,"0.72,0.22"
412,"0.73,0.21"
412,"0.74,0.20"
412,"0.74,0.21"
412,"0.75,0.20"
412,"0.75,0.21"
412,"0.76,0.15"
412,"0.77,0.20"
412,"0.82,0.15"
412,"0.83,0.17"
412,"0.84,0.17"
413,"0.70,0.22"
413,"0.76,0.15"
413,"0.77,0.15"
413,"0.83,0.15"
413,"0.95,0.43"
413,"0.95,0.44"
413,"0.96,0.43"
413,"0.96,0.44"
414,"0.73,0.18"
414,"0.74,0.19"
414,"0.74,0.20"
414,"0.75,0.20"
415,"0.21,0.34"
415,"0.22,0.35"
415,"0.78,0.29"
416,"0.15,0.98"
416,"0.15,0.99"
416,"0.17,0.99"
416,"0.20,0.99"
416,"0.70,0.22"
416,"0.72,0.17"
416,"0.72,0.18"
416,"0.73,0.16"
416,"0.73,0.18"
416,"0.74,0.16"
416,"0.74,0.17"
416,"0.75,0.17"
416,"0.76,0.15"
416,"0.77,0.16"
416,"0.77,0.20"
416,"0.78,0.29"
416,"0.79,0.25"
417,"0.78,0.29"
418,"0.70,0.23"
418,"0.73,0.26"
418,"0.75,0.23"
418,"0.75,0.25"
418,"0.76,0.22"
418,"0.76,0.25"
418,"0.77,0.23"
418,"0.77,0.28"
419,"0.70,0.22"
419,"0.75,0.15"
419,"0.76,0.15"
419,"0.78,0.29"
420,"0.77,0.23"
421,"0.70,0.22"
421,"0.72,0.22"
421,"0.77,0.23"
421,"0.77,0.25"
423,"0.77,0.23"
423,"0.77,0.25"
423,"0.79,0.25"
424,"0.70,0.22"
424,"0.76,0.15"
425,"0.73,0.28"
425,"0.74,0.25"
425,"0.74,0.27"
425,"0.74,0.28"
425,"0.75,0.17"
425,"0.75,0.25"
425,"0.75,0.28"
425,"0.76,0.15"
425,"0.77,0.28"
425,"0.79,0.25"
426,"0.73,0.16"
426,"0.74,0.16"
426,"0.74,0.17"
426,"0.75,0.15"
426,"0.76,0.15"
426,"0.77,0.20"
426,"0.79,0.30"
427,"0.67,0.27"
427,"0.73,0.16"
427,"0.76,0.15"
427,"0.77,0.20"
428,"0.70,0.22"
428,"0.70,0.23"
428,"0.75,0.25"
428,"0.78,0.30"
428,"0.79,0.23"
428,"0.79,0.25"
428,"0.79,0.26"
428,"0.79,0.29"
428,"0.79,0.30"
428,"0.80,0.26"
428,"0.80,0.27"
428,"0.80,0.28"
428,"0.80,0.29"
428,"0.81,0.23"
429,"0.67,0.27"
429,"0.68,0.27"
429,"0.70,0.26"
429,"0.72,0.26"
429,"0.73,0.26"
429,"0.74,0.26"
430,"0.70,0.24"
430,"0.70,0.25"
430,"0.76,0.15"
430,"0.78,0.18"
430,"0.78,0.29"
430,"0.82,0.15"
430,"0.83,0.15"
430,"0.84,0.15"
430,"0.85,0.15"
431,"0.77,0.20"
431,"0.77,0.25"
431,"0.77,0.28"
431,"0.78,0.20"
431,"0.78,0.26"
431,"0.79,0.25"
434,"0.63,0.20"
434,"0.68,0.22"
434,"0.69,0.23"
434,"0.70,0.22"
434,"0.70,0.23"
434,"0.72,0.22"
434,"0.73,0.16"
434,"0.74,0.27"
434,"0.76,0.15"
434,"0.78,0.29"
435,"0.70,0.22"
435,"0.73,0.16"
435,"0.73,0.17"
435,"0.75,0.15"
435,"0.75,0.17"
435,"0.76,0.15"
435,"0.83,0.15"
435,"0.96,0.44"
436,"0.69,0.27"
436,"0.70,0.22"
436,"0.70,0.23"
436,"0.70,0.24"
436,"0.70,0.26"
436,"0.70,0.27"
436,"0.73,0.26"
436,"0.79,0.25"
437,"0.70,0.22"
437,"0.77,0.28"
438,"0.70,0.22"
439,"0.61,0.31"
439,"0.67,0.27"
439,"0.68,0.27"
439,"0.69,0.27"
439,"0.70,0.22"
439,"0.70,0.23"
439,"0.72,0.22"
439,"0.73,0.18"
439,"0.73,0.26"
439,"0.74,0.27"
439,"0.76,0.15"
439,"0.78,0.29"
439,"0.79,0.29"
439,"0.84,0.15"
439,"0.85,0.15"
440,"0.15,0.98"
440,"0.17,0.99"
440,"0.20,0.99"
440,"0.70,0.22"
440,"0.72,0.18"
440,"0.73,0.16"
440,"0.73,0.18"
440,"0.74,0.16"
440,"0.74,0.17"
440,"0.75,0.17"
440,"0.76,0.15"
442,"0.70,0.22"
442,"0.77,0.29"
442,"0.78,0.29"
442,"0.79,0.30"
442,"0.89,0.53"
443,"0.66,0.27"
443,"0.67,0.27"
443,"0.70,0.23"
443,"0.72,0.22"
443,"0.73,0.18"
443,"0.74,0.23"
443,"0.75,0.23"
443,"0.76,0.23"
443,"0.77,0.23"
443,"0.79,0.25"
444,"0.69,0.27"
444,"0.70,0.27"
444,"0.72,0.27"
444,"0.75,0.17"
444,"0.75,0.28"
444,"0.77,0.28"
445,"0.72,0.22"
445,"0.73,0.25"
445,"0.73,0.26"
445,"0.74,0.26"
445,"0.74,0.27"
445,"0.75,0.15"
445,"0.75,0.25"
445,"0.76,0.15"
445,"0.77,0.20"
445,"0.78,0.20"
445,"0.79,0.25"
445,"0.84,0.15"
446,"0.70,0.22"
446,"0.72,0.18"
446,"0.72,0.22"
446,"0.73,0.18"
446,"0.74,0.20"
446,"0.75,0.15"
446,"0.76,0.15"
446,"0.77,0.20"
447,"0.58,0.25"
447,"0.59,0.25"
447,"0.60,0.25"
447,"0.72,0.17"
447,"0.73,0.16"
447,"0.73,0.17"
447,"0.73,0.18"
447,"0.73,0.26"
447,"0.74,0.20"
447,"0.75,0.23"
447,"0.75,0.24"
447,"0.77,0.23"
448,"0.75,0.23"
448,"0.76,0.22"
448,"0.76,0.24"
448,"0.77,0.22"
448,"0.77,0.23"
448,"0.77,0.24"
448,"0.78,0.22"
448,"0.78,0.24"
448,"0.78,0.25"
448,"0.78,0.26"
448,"0.81,0.26"
449,"0.80,0.27"
449,"0.82,0.28"
450,"0.70,0.27"
450,"0.72,0.17"
450,"0.73,0.18"
450,"0.73,0.26"
450,"0.74,0.28"
450,"0.75,0.15"
450,"0.75,0.17"
450,"0.75,0.25"
450,"0.76,0.15"
450,"0.78,0.20"
450,"0.78,0.29"
450,"0.79,0.25"
450,"0.80,0.26"
450,"0.81,0.23"
450,"0.83,0.22"
451,"0.72,0.17"
451,"0.73,0.16"
451,"0.73,0.17"
451,"0.74,0.16"
451,"0.74,0.18"
451,"0.75,0.15"
451,"0.75,0.16"
451,"0.75,0.17"
451,"0.75,0.18"
451,"0.75,0.19"
451,"0.76,0.24"
451,"0.77,0.20"
451,"0.77,0.22"
451,"0.77,0.23"
452,"0.68,0.22"
452,"0.70,0.22"
454,"0.75,0.25"
456,"0.68,0.22"
456,"0.70,0.22"
456,"0.74,0.27"
457,"0.70,0.23"
457,"0.74,0.28"
457,"0.75,0.27"
457,"0.75,0.28"
457,"0.76,0.15"
457,"0.76,0.27"
457,"0.76,0.28"
457,"0.77,0.15"
457,"0.77,0.28"
457,"0.77,0.29"
457,"0.78,0.29"
458,"0.70,0.22"
458,"0.72,0.17"
458,"0.73,0.16"
458,"0.73,0.26"
458,"0.74,0.24"
458,"0.76,0.15"
458,"0.78,0.18"
458,"0.78,0.23"
458,"0.78,0.26"
458,"0.78,0.29"
458,"0.81,0.15"
458,"0.81,0.23"
458,"0.82,0.15"
458,"0.83,0.15"
459,"0.70,0.22"
459,"0.72,0.17"
459,"0.72,0.60"
459,"0.73,0.16"
459,"0.73,0.17"
459,"0.74,0.16"
459,"0.75,0.15"
459,"0.76,0.15"
459,"0.77,0.28"
459,"0.78,0.29"
459,"0.80,0.18"
459,"0.83,0.15"
460,"0.67,0.27"
460,"0.70,0.22"
460,"0.72,0.22"
460,"0.73,0.16"
460,"0.73,0.26"
460,"0.74,0.22"
460,"0.74,0.27"
460,"0.74,0.28"
460,"0.75,0.25"
460,"0.75,0.27"
460,"0.75,0.28"
460,"0.76,0.15"
460,"0.76,0.28"
460,"0.77,0.20"
460,"0.77,0.28"
460,"0.78,0.20"
460,"0.78,0.29"
460,"0.79,0.25"
460,"0.79,0.26"
460,"0.79,0.27"
460,"0.79,0.30"
461,"0.77,0.23"
461,"0.78,0.20"
462,"0.68,0.26"
462,"0.68,0.27"
463,"0.73,0.16"
463,"0.76,0.15"
463,"0.77,0.16"
464,"0.76,0.15"
465,"0.73,0.16"
465,"0.73,0.17"
465,"0.76,0.15"
466,"0.61,0.71"
466,"0.62,0.70"
466,"0.75,0.49"
466,"0.79,0.50"
467,"0.63,0.25"
467,"0.70,0.22"
467,"0.72,0.60"
467,"0.76,0.15"
467,"0.77,0.16"
468,"0.69,0.22"
468,"0.70,0.22"
468,"0.71,0.22"
468,"0.72,0.21"
468,"0.72,0.22"
468,"0.73,0.18"
468,"0.75,0.17"
468,"0.78,0.18"
469,"0.70,0.22"
469,"0.72,0.17"
469,"0.73,0.16"
469,"0.73,0.17"
469,"0.74,0.17"
469,"0.75,0.17"
469,"0.79,0.25"
469,"0.82,0.16"
469,"0.83,0.15"
469,"0.83,0.16"
469,"0.84,0.15"
470,"0.67,0.27"
470,"0.70,0.22"
470,"0.73,0.16"
470,"0.73,0.18"
470,"0.76,0.15"
470,"0.77,0.28"
470,"0.78,0.29"
470,"0.79,0.25"
470,"0.85,0.17"
471,"0.70,0.22"
471,"0.70,0.23"
471,"0.70,0.24"
471,"0.71,0.22"
471,"0.72,0.22"
471,"0.72,0.23"
472,"0.75,0.15"
472,"0.76,0.15"
472,"0.77,0.15"
472,"0.77,0.16"
472,"0.78,0.18"
472,"0.79,0.30"
472,"0.81,0.23"
472,"0.81,0.24"
472,"0.83,0.15"
473,"0.76,0.15"
475,"0.72,0.22"
475,"0.72,0.23"
476,"0.70,0.22"
476,"0.73,0.16"
476,"0.73,0.18"
476,"0.74,0.24"
476,"0.75,0.15"
476,"0.75,0.16"
476,"0.75,0.17"
476,"0.76,0.15"
476,"0.76,0.26"
476,"0.77,0.26"
476,"0.77,0.29"
476,"0.78,0.26"
476,"0.78,0.29"
476,"0.79,0.26"
476,"0.86,0.50"
476,"0.88,0.48"
477,"0.66,0.65"
477,"0.70,0.22"
477,"0.73,0.16"
477,"0.76,0.15"
477,"0.77,0.16"
477,"0.77,0.20"
477,"0.77,0.29"
477,"0.78,0.29"
478,"0.70,0.22"
478,"0.73,0.18"
478,"0.74,0.27"
478,"0.76,0.15"
478,"0.78,0.27"
478,"0.78,0.29"
478,"0.79,0.25"
478,"0.79,0.26"
479,"0.75,0.23"
479,"0.76,0.15"
479,"0.77,0.23"
479,"0.77,0.28"
480,"0.75,0.23"
480,"0.77,0.20"
480,"0.77,0.21"
480,"0.77,0.22"
480,"0.77,0.23"
481,"0.75,0.17"
481,"0.77,0.20"
482,"0.77,0.23"
483,"0.61,0.31"
483,"0.70,0.22"
483,"0.70,0.23"
483,"0.71,0.22"
483,"0.72,0.22"
483,"0.76,0.24"
483,"0.77,0.24"
483,"0.79,0.25"
483,"0.79,0.30"
484,"0.72,0.22"
484,"0.74,0.20"
484,"0.74,0.89"
484,"0.74,0.90"
484,"0.76,0.15"
484,"0.77,0.25"
484,"0.79,0.25"
485,"0.67,0.27"
485,"0.74,0.24"
485,"0.74,0.27"
485,"0.74,0.28"
485,"0.77,0.23"
485,"0.78,0.23"
485,"0.78,0.29"
486,"0.69,0.27"
486,"0.70,0.22"
486,"0.70,0.23"
486,"0.72,0.22"
486,"0.72,0.23"
486,"0.73,0.22"
486,"0.73,0.26"
486,"0.74,0.22"
486,"0.75,0.15"
486,"0.75,0.25"
486,"0.76,0.15"
486,"0.76,0.26"
487,"0.73,0.16"
487,"0.73,0.17"
487,"0.74,0.16"
487,"0.74,0.18"
487,"0.74,0.21"
487,"0.75,0.15"
487,"0.75,0.23"
487,"0.75,0.24"
487,"0.76,0.15"
487,"0.77,0.25"
487,"0.77,0.26"
487,"0.78,0.29"
487,"0.79,0.25"
488,"0.70,0.27"
488,"0.75,0.25"
488,"0.77,0.23"
489,"0.76,0.15"
489,"0.76,0.16"
489,"0.77,0.16"
490,"0.70,0.22"
490,"0.71,0.22"
490,"0.75,0.15"
490,"0.76,0.15"
491,"0.70,0.22"
491,"0.70,0.23"
491,"0.71,0.23"
491,"0.72,0.22"
491,"0.75,0.23"
492,"0.68,0.27"
492,"0.70,0.22"
492,"0.78,0.20"
492,"0.78,0.29"
492,"0.79,0.25"
492,"0.80,0.19"
493,"0.70,0.22"
494,"0.70,0.22"
494,"0.73,0.16"
494,"0.73,0.17"
494,"0.73,0.18"
494,"0.75,0.15"
494,"0.75,0.17"
494,"0.76,0.15"
494,"0.77,0.26"
494,"0.78,0.29"
494,"0.79,0.25"
494,"0.80,0.28"
494,"0.83,0.15"
494,"0.85,0.19"
494,"0.86,0.18"
495,"0.70,0.22"
495,"0.70,0.23"
495,"0.72,0.22"
496,"0.69,0.27"
496,"0.70,0.22"
496,"0.70,0.23"
496,"0.70,0.24"
496,"0.72,0.22"
496,"0.72,0.23"
496,"0.73,0.22"
496,"0.74,0.22"
496,"0.74,0.23"
496,"0.75,0.23"
496,"0.76,0.22"
496,"0.77,0.24"
496,"0.77,0.28"
496,"0.79,0.25"
496,"0.79,0.26"
497,"0.70,0.22"
497,"0.72,0.17"
497,"0.73,0.17"
497,"0.73,0.18"
497,"0.73,0.25"
497,"0.73,0.26"
497,"0.75,0.15"
497,"0.75,0.17"
497,"0.76,0.15"
497,"0.77,0.15"
497,"0.77,0.20"
497,"0.77,0.23"
497,"0.77,0.29"
497,"0.78,0.20"
497,"0.81,0.23"
497,"0.83,0.15"
497,"0.93,0.07"
498,"0.70,0.22"
498,"0.71,0.22"
498,"0.72,0.22"
498,"0.73,0.26"
498,"0.75,0.17"
498,"0.76,0.15"
498,"0.77,0.23"
498,"0.77,0.28"
498,"0.78,0.18"
498,"0.78,0.29"
498,"0.79,0.25"
498,"0.79,0.30"
498,"0.80,0.19"
498,"0.81,0.30"
498,"0.82,0.15"
499,"0.48,0.79"
499,"0.63,0.25"
499,"0.70,0.22"
499,"0.73,0.26"
499,"0.76,0.15"
499,"0.77,0.20"
499,"0.78,0.20"
499,"0.82,0.15"
499,"0.83,0.15"
500,"0.73,0.16"
500,"0.73,0.18"
500,"0.76,0.23"
500,"0.77,0.20"
500,"0.77,0.22"
500,"0.77,0.23"
500,"0.78,0.23"
500,"0.78,0.29"
501,"0.63,0.06"
501,"0.64,0.05"
501,"0.70,0.22"
501,"0.72,0.17"
501,"0.73,0.16"
501,"0.73,0.18"
501,"0.75,0.15"
501,"0.76,0.15"
501,"0.77,0.16"
501,"0.77,0.20"
501,"0.78,0.29"
502,"0.82,0.16"
503,"0.70,0.22"
503,"0.70,0.23"
503,"0.71,0.22"
503,"0.72,0.22"
503,"0.73,0.22"
503,"0.74,0.22"
503,"0.74,0.24"
503,"0.75,0.17"
503,"0.76,0.15"
503,"0.77,0.20"
503,"0.77,0.23"
503,"0.77,0.24"
503,"0.78,0.29"
503,"0.79,0.25"
503,"0.79,0.26"
503,"0.79,0.27"
503,"0.80,0.49"
503,"0.82,0.29"
503,"0.84,0.52"
503,"0.86,0.50"
504,"0.70,0.22"
504,"0.75,0.15"
504,"0.75,0.17"
504,"0.76,0.15"
506,"0.63,0.06"
506,"0.69,0.45"
506,"0.71,0.47"
506,"0.72,0.17"
506,"0.73,0.16"
506,"0.73,0.18"
506,"0.75,0.17"
506,"0.76,0.15"
506,"0.76,0.16"
506,"0.77,0.16"
506,"0.77,0.18"
506,"0.78,0.18"
506,"0.78,0.25"
506,"0.78,0.29"
506,"0.79,0.25"
506,"0.79,0.30"
506,"0.80,0.49"
506,"0.84,0.15"
506,"0.85,0.15"
506,"0.87,0.54"
507,"0.70,0.27"
507,"0.73,0.27"
507,"0.74,0.27"
507,"0.74,0.28"
507,"0.75,0.17"
507,"0.75,0.25"
507,"0.75,0.28"
507,"0.76,0.15"
507,"0.77,0.28"
507,"0.77,0.29"
507,"0.78,0.29"
507,"0.78,0.49"
507,"0.79,0.29"
507,"0.79,0.30"
508,"0.70,0.22"
508,"0.72,0.22"
508,"0.73,0.23"
508,"0.75,0.23"
510,"0.69,0.27"
510,"0.70,0.22"
510,"0.70,0.23"
510,"0.70,0.27"
510,"0.72,0.22"
510,"0.73,0.16"
510,"0.73,0.26"
510,"0.74,0.28"
510,"0.75,0.15"
510,"0.75,0.16"
510,"0.75,0.17"
510,"0.75,0.25"
510,"0.75,0.28"
510,"0.76,0.15"
510,"0.76,0.16"
510,"0.77,0.16"
510,"0.78,0.29"
510,"0.79,0.25"
510,"0.79,0.30"
510,"0.83,0.15"
510,"0.84,0.15"
511,"0.70,0.22"
511,"0.73,0.18"
511,"0.75,0.15"
511,"0.75,0.17"
511,"0.76,0.15"
511,"0.77,0.16"
511,"0.77,0.28"
511,"0.78,0.18"
511,"0.78,0.29"
511,"0.79,0.30"
511,"0.79,0.50"
511,"0.80,0.15"
511,"0.80,0.27"
511,"0.81,0.15"
511,"0.82,0.15"
511,"0.84,0.50"
511,"0.84,0.51"
511,"0.87,0.51"
512,"0.77,0.23"
513,"0.75,0.25"
513,"0.78,0.29"
513,"0.81,0.23"
513,"0.81,0.24"
513,"0.83,0.23"
514,"0.77,0.23"
515,"0.70,0.22"
515,"0.70,0.23"
515,"0.72,0.22"
515,"0.73,0.16"
515,"0.73,0.26"
515,"0.74,0.88"
515,"0.74,0.89"
515,"0.74,0.90"
515,"0.75,0.89"
515,"0.76,0.15"
515,"0.77,0.23"
515,"0.77,0.28"
515,"0.78,0.27"
515,"0.79,0.25"
515,"0.79,0.27"
515,"0.79,0.30"
515,"0.83,0.15"
518,"0.73,0.18"
518,"0.75,0.15"
518,"0.76,0.15"
518,"0.76,0.25"
518,"0.77,0.24"
518,"0.81,0.23"
519,"0.70,0.22"
519,"0.76,0.15"
520,"0.70,0.27"
520,"0.71,0.27"
520,"0.72,0.24"
520,"0.72,0.25"
520,"0.72,0.27"
520,"0.73,0.25"
520,"0.73,0.26"
520,"0.73,0.27"
520,"0.74,0.24"
520,"0.74,0.25"
520,"0.79,0.25"
521,"0.70,0.22"
521,"0.75,0.15"
521,"0.75,0.48"
521,"0.75,0.49"
521,"0.76,0.15"
521,"0.77,0.28"
521,"0.78,0.50"
521,"0.79,0.25"
521,"0.79,0.50"
521,"0.79,0.51"
521,"0.81,0.52"
521,"0.82,0.51"
521,"0.82,0.52"
521,"0.83,0.51"
521,"0.84,0.50"
521,"0.84,0.51"
521,"0.85,0.51"
521,"0.86,0.50"
521,"0.86,0.51"
521,"0.88,0.48"
521,"0.89,0.49"
522,"0.73,0.27"
522,"0.73,0.28"
522,"0.74,0.26"
522,"0.74,0.27"
522,"0.74,0.28"
522,"0.75,0.25"
522,"0.75,0.27"
522,"0.75,0.28"
522,"0.76,0.15"
522,"0.76,0.27"
522,"0.76,0.28"
522,"0.77,0.23"
522,"0.77,0.26"
522,"0.77,0.28"
522,"0.78,0.29"
522,"0.79,0.23"
523,"0.60,0.25"
523,"0.70,0.22"
523,"0.73,0.16"
523,"0.73,0.17"
523,"0.73,0.18"
523,"0.75,0.17"
523,"0.76,0.15"
523,"0.77,0.16"
523,"0.77,0.20"
523,"0.77,0.28"
523,"0.78,0.20"
523,"0.78,0.29"
523,"0.79,0.25"
523,"0.80,0.28"
524,"0.70,0.22"
525,"0.70,0.22"
525,"0.71,0.22"
525,"0.72,0.22"
525,"0.72,0.23"
525,"0.74,0.22"
525,"0.77,0.23"
525,"0.77,0.28"
525,"0.78,0.29"
525,"0.79,0.25"
525,"0.79,0.26"
525,"0.79,0.29"
525,"0.79,0.30"
525,"0.80,0.29"
525,"0.80,0.30"
525,"0.81,0.29"
526,"0.70,0.22"
526,"0.72,0.17"
526,"0.73,0.16"
526,"0.74,0.24"
526,"0.77,0.16"
526,"0.77,0.25"
526,"0.77,0.26"
526,"0.77,0.29"
526,"0.78,0.29"
526,"0.79,0.25"
526,"0.79,0.26"
526,"0.79,0.30"
526,"0.80,0.27"
526,"0.80,0.29"
527,"0.61,0.28"
527,"0.67,0.27"
527,"0.70,0.22"
527,"0.70,0.24"
527,"0.72,0.17"
527,"0.72,0.22"
527,"0.72,0.25"
527,"0.73,0.16"
527,"0.73,0.18"
527,"0.73,0.26"
527,"0.75,0.17"
527,"0.76,0.15"
527,"0.76,0.24"
527,"0.77,0.20"
527,"0.77,0.24"
527,"0.77,0.25"
527,"0.77,0.26"
527,"0.77,0.28"
527,"0.78,0.18"
527,"0.78,0.20"
527,"0.78,0.23"
527,"0.78,0.29"
527,"0.79,0.23"
527,"0.79,0.25"
527,"0.79,0.26"
527,"0.79,0.30"
527,"0.84,0.50"
527,"0.84,0.51"
527,"0.86,0.50"
527,"0.92,0.53"
527,"0.93,0.53"
528,"0.66,0.27"
528,"0.67,0.27"
528,"0.68,0.27"
528,"0.70,0.22"
528,"0.74,0.27"
528,"0.75,0.15"
528,"0.76,0.15"
528,"0.77,0.16"
528,"0.77,0.28"
528,"0.78,0.28"
528,"0.78,0.29"
531,"0.70,0.22"
531,"0.72,0.17"
531,"0.73,0.16"
531,"0.73,0.17"
531,"0.73,0.18"
531,"0.76,0.15"
531,"0.78,0.29"
531,"0.79,0.25"
531,"0.79,0.27"
531,"0.79,0.28"
531,"0.80,0.27"
531,"0.80,0.28"
532,"0.83,0.53"
532,"0.84,0.52"
532,"0.84,0.53"
533,"0.70,0.22"
533,"0.70,0.23"
533,"0.70,0.24"
533,"0.71,0.22"
533,"0.71,0.23"
533,"0.71,0.24"
533,"0.72,0.22"
533,"0.72,0.23"
533,"0.73,0.23"
533,"0.73,0.26"
533,"0.74,0.23"
533,"0.75,0.23"
533,"0.78,0.25"
533,"0.78,0.29"
533,"0.79,0.25"
534,"0.77,0.23"
534,"0.77,0.24"
534,"0.77,0.25"
534,"0.77,0.28"
534,"0.78,0.23"
534,"0.78,0.25"
534,"0.79,0.23"
534,"0.79,0.24"
534,"0.79,0.25"
534,"0.79,0.26"
534,"0.80,0.25"
535,"0.70,0.22"
536,"0.70,0.22"
536,"0.71,0.22"
536,"0.72,0.22"
536,"0.72,0.23"
536,"0.73,0.21"
536,"0.74,0.22"
536,"0.76,0.29"
536,"0.77,0.28"
536,"0.77,0.29"
537,"0.70,0.22"
537,"0.73,0.16"
537,"0.73,0.26"
537,"0.74,0.27"
538,"0.67,0.27"
538,"0.73,0.16"
538,"0.76,0.15"
538,"0.78,0.29"
538,"0.79,0.25"
538,"0.79,0.30"
538,"0.84,0.50"
538,"0.84,0.51"
538,"0.88,0.48"
539,"0.70,0.22"
539,"0.75,0.17"
539,"0.77,0.28"
539,"0.78,0.29"
540,"0.73,0.28"
540,"0.74,0.27"
540,"0.74,0.28"
540,"0.75,0.28"
540,"0.76,0.28"
540,"0.77,0.28"
540,"0.78,0.28"
541,"0.63,0.25"
541,"0.67,0.22"
541,"0.68,0.22"
541,"0.70,0.22"
541,"0.70,0.23"
541,"0.73,0.26"
541,"0.76,0.15"
542,"0.72,0.27"
542,"0.73,0.25"
542,"0.73,0.26"
542,"0.75,0.25"
542,"0.77,0.21"
542,"0.77,0.22"
542,"0.77,0.23"
542,"0.77,0.24"
542,"0.79,0.25"
543,"0.77,0.23"
544,"0.67,0.27"
544,"0.70,0.22"
544,"0.72,0.22"
544,"0.73,0.18"
544,"0.73,0.26"
544,"0.75,0.17"
544,"0.77,0.23"
544,"0.79,0.30"
545,"0.70,0.22"
545,"0.72,0.22"
546,"0.63,0.05"
546,"0.73,0.16"
546,"0.73,0.26"
546,"0.74,0.22"
546,"0.74,0.24"
546,"0.74,0.27"
546,"0.75,0.25"
546,"0.76,0.15"
546,"0.76,0.27"
546,"0.77,0.20"
546,"0.77,0.26"
546,"0.77,0.28"
546,"0.78,0.20"
546,"0.78,0.26"
546,"0.79,0.26"
546,"0.81,0.23"
546,"0.83,0.15"
546,"0.84,0.51"
546,"0.87,0.51"
546,"0.89,0.49"
546,"0.91,0.53"
547,"0.70,0.22"
547,"0.70,0.23"
547,"0.71,0.23"
547,"0.72,0.22"
547,"0.73,0.16"
547,"0.76,0.15"
548,"0.67,0.27"
548,"0.75,0.17"
548,"0.78,0.18"
548,"0.78,0.29"
548,"0.79,0.25"
548,"0.79,0.30"
548,"0.83,0.15"
549,"0.77,0.23"
550,"0.76,0.15"
551,"0.71,0.21"
551,"0.72,0.22"
551,"0.72,0.23"
551,"0.73,0.22"
551,"0.73,0.23"
552,"0.77,0.51"
552,"0.78,0.49"
552,"0.79,0.53"
552,"0.86,0.50"
552,"0.87,0.50"
553,"0.67,0.27"
553,"0.70,0.23"
553,"0.77,0.23"
553,"0.77,0.29"
553,"0.81,0.15"
553,"0.81,0.23"
553,"0.82,0.15"
553,"0.83,0.15"
554,"0.77,0.20"
555,"0.62,0.06"
555,"0.63,0.05"
555,"0.63,0.06"
555,"0.64,0.05"
555,"0.73,0.18"
555,"0.77,0.28"
555,"0.79,0.27"
555,"0.79,0.29"
555,"0.79,0.30"
555,"0.80,0.28"
555,"0.80,0.29"
556,"0.70,0.22"
556,"0.70,0.23"
556,"0.72,0.22"
556,"0.73,0.18"
556,"0.76,0.15"
556,"0.77,0.28"
556,"0.78,0.15"
556,"0.78,0.29"
556,"0.79,0.15"
556,"0.82,0.15"
556,"0.86,0.50"
556,"0.89,0.49"
557,"0.19,0.91"
557,"0.21,0.33"
557,"0.22,0.33"
557,"0.22,0.93"
557,"0.27,0.35"
557,"0.28,0.34"
557,"0.28,0.35"
557,"0.67,0.27"
557,"0.70,0.22"
557,"0.70,0.23"
557,"0.71,0.22"
557,"0.72,0.22"
557,"0.73,0.16"
557,"0.77,0.28"
557,"0.79,0.25"
557,"0.86,0.50"
558,"0.70,0.23"
558,"0.72,0.27"
558,"0.73,0.26"
558,"0.76,0.24"
558,"0.77,0.20"
558,"0.77,0.23"
558,"0.77,0.24"
558,"0.77,0.25"
558,"0.78,0.20"
558,"0.78,0.26"
559,"0.63,0.06"
559,"0.70,0.22"
559,"0.72,0.22"
559,"0.73,0.16"
559,"0.73,0.17"
559,"0.73,0.21"
559,"0.74,0.21"
559,"0.74,0.27"
559,"0.74,0.28"
559,"0.75,0.20"
559,"0.75,0.21"
559,"0.75,0.25"
559,"0.75,0.28"
559,"0.76,0.15"
559,"0.79,0.25"
560,"0.69,0.23"
560,"0.70,0.22"
560,"0.70,0.23"
560,"0.71,0.22"
560,"0.72,0.22"
560,"0.72,0.23"
560,"0.73,0.21"
561,"0.75,0.17"
561,"0.77,0.20"
561,"0.78,0.20"
562,"0.71,0.22"
562,"0.72,0.22"
562,"0.73,0.23"
562,"0.74,0.24"
562,"0.75,0.23"
562,"0.77,0.28"
562,"0.78,0.29"
563,"0.73,0.48"
563,"0.86,0.50"
563,"0.87,0.49"
564,"0.70,0.22"
564,"0.72,0.22"
564,"0.74,0.22"
564,"0.76,0.23"
564,"0.77,0.20"
564,"0.77,0.23"
564,"0.79,0.25"
565,"0.69,0.27"
565,"0.70,0.23"
565,"0.73,0.26"
565,"0.75,0.25"
565,"0.76,0.24"
565,"0.77,0.23"
566,"0.74,0.25"
566,"0.75,0.25"
566,"0.76,0.24"
566,"0.76,0.25"
566,"0.77,0.23"
567,"0.72,0.17"
567,"0.73,0.16"
567,"0.73,0.17"
567,"0.73,0.18"
567,"0.74,0.17"
567,"0.75,0.17"
567,"0.75,0.18"
567,"0.77,0.18"
567,"0.78,0.18"
568,"0.68,0.22"
568,"0.70,0.22"
568,"0.71,0.22"
568,"0.72,0.22"
568,"0.74,0.23"
568,"0.74,0.27"
568,"0.78,0.29"
568,"0.83,0.22"
569,"0.75,0.15"
569,"0.76,0.15"
569,"0.77,0.20"
569,"0.77,0.23"
569,"0.77,0.24"
569,"0.79,0.23"
569,"0.79,0.25"
569,"0.79,0.26"
569,"0.80,0.17"
569,"0.80,0.22"
569,"0.81,0.15"
569,"0.81,0.22"
569,"0.81,0.23"
569,"0.81,0.25"
569,"0.82,0.15"
569,"0.83,0.22"
570,"0.63,0.25"
570,"0.68,0.27"
570,"0.69,0.27"
570,"0.70,0.23"
570,"0.76,0.22"
570,"0.77,0.20"
570,"0.77,0.23"
570,"0.77,0.28"
570,"0.78,0.29"
570,"0.79,0.25"
570,"0.83,0.15"
571,"0.70,0.22"
571,"0.78,0.29"
573,"0.70,0.22"
573,"0.70,0.23"
573,"0.70,0.24"
573,"0.71,0.22"
573,"0.72,0.22"
573,"0.73,0.16"
573,"0.73,0.24"
573,"0.74,0.24"
573,"0.76,0.15"
573,"0.77,0.20"
573,"0.77,0.25"
573,"0.79,0.25"
573,"0.79,0.26"
573,"0.80,0.25"
573,"0.80,0.26"
574,"0.19,0.91"
574,"0.22,0.93"
574,"0.70,0.22"
574,"0.73,0.16"
574,"0.73,0.18"
574,"0.73,0.26"
574,"0.76,0.15"
574,"0.78,0.29"
574,"0.79,0.25"
575,"0.73,0.16"
575,"0.73,0.17"
575,"0.76,0.15"
575,"0.79,0.30"
575,"0.84,0.51"
576,"0.14,0.98"
576,"0.20,0.99"
576,"0.61,0.31"
576,"0.70,0.22"
576,"0.70,0.23"
576,"0.70,0.25"
576,"0.71,0.22"
576,"0.71,0.25"
576,"0.72,0.22"
576,"0.73,0.16"
576,"0.73,0.26"
576,"0.74,0.22"
576,"0.75,0.23"
576,"0.76,0.23"
576,"0.76,0.24"
576,"0.77,0.20"
576,"0.77,0.23"
576,"0.77,0.28"
576,"0.77,0.29"
576,"0.78,0.22"
576,"0.78,0.23"
576,"0.78,0.29"
576,"0.79,0.25"
576,"0.80,0.25"
577,"0.48,0.79"
577,"0.61,0.31"
577,"0.61,0.32"
577,"0.67,0.27"
577,"0.68,0.27"
577,"0.69,0.27"
577,"0.70,0.22"
577,"0.70,0.23"
577,"0.70,0.24"
577,"0.71,0.25"
577,"0.72,0.17"
577,"0.72,0.22"
577,"0.73,0.16"
577,"0.73,0.17"
577,"0.73,0.18"
577,"0.73,0.26"
577,"0.74,0.16"
577,"0.74,0.17"
577,"0.74,0.18"
577,"0.74,0.19"
577,"0.74,0.20"
577,"0.74,0.22"
577,"0.74,0.25"
577,"0.75,0.15"
577,"0.75,0.17"
577,"0.75,0.18"
577,"0.75,0.25"
577,"0.76,0.15"
577,"0.77,0.20"
577,"0.77,0.23"
577,"0.78,0.18"
577,"0.78,0.20"
577,"0.79,0.25"
577,"0.79,0.27"
577,"0.81,0.23"
577,"0.82,0.15"
577,"0.83,0.15"
578,"0.77,0.28"
578,"0.77,0.29"
578,"0.78,0.28"
578,"0.78,0.29"
578,"0.79,0.29"
578,"0.79,0.30"
578,"0.81,0.23"
579,"0.80,0.27"
581,"0.70,0.22"
581,"0.71,0.22"
582,"0.69,0.27"
582,"0.70,0.22"
582,"0.72,0.22"
583,"0.66,0.27"
583,"0.67,0.27"
583,"0.70,0.22"
583,"0.70,0.23"
583,"0.70,0.24"
583,"0.70,0.25"
583,"0.71,0.25"
583,"0.72,0.18"
583,"0.72,0.20"
583,"0.72,0.25"
583,"0.72,0.27"
583,"0.73,0.16"
583,"0.73,0.18"
583,"0.73,0.25"
583,"0.74,0.16"
583,"0.74,0.17"
583,"0.74,0.18"
583,"0.74,0.20"
583,"0.74,0.22"
583,"0.74,0.25"
583,"0.74,0.26"
583,"0.74,0.27"
583,"0.74,0.28"
583,"0.75,0.15"
583,"0.75,0.17"
583,"0.75,0.18"
583,"0.75,0.20"
583,"0.75,0.23"
583,"0.75,0.25"
583,"0.75,0.26"
583,"0.75,0.28"
583,"0.76,0.15"
583,"0.76,0.20"
583,"0.76,0.25"
583,"0.76,0.26"
583,"0.76,0.27"
583,"0.76,0.29"
583,"0.77,0.15"
583,"0.77,0.20"
583,"0.77,0.21"
583,"0.77,0.22"
583,"0.77,0.23"
583,"0.77,0.24"
583,"0.77,0.26"
583,"0.77,0.28"
583,"0.77,0.29"
583,"0.78,0.15"
583,"0.78,0.18"
583,"0.78,0.20"
583,"0.78,0.23"
583,"0.78,0.26"
583,"0.78,0.27"
583,"0.78,0.28"
583,"0.78,0.29"
583,"0.79,0.15"
583,"0.79,0.18"
583,"0.79,0.21"
583,"0.79,0.23"
583,"0.79,0.24"
583,"0.79,0.25"
583,"0.79,0.30"
583,"0.80,0.15"
583,"0.80,0.17"
583,"0.80,0.18"
583,"0.80,0.19"
583,"0.80,0.20"
583,"0.80,0.21"
583,"0.80,0.22"
583,"0.80,0.23"
583,"0.80,0.25"
583,"0.80,0.26"
583,"0.80,0.27"
583,"0.80,0.30"
583,"0.81,0.15"
583,"0.81,0.17"
583,"0.81,0.19"
583,"0.81,0.20"
583,"0.81,0.21"
583,"0.81,0.22"
583,"0.81,0.23"
583,"0.81,0.25"
583,"0.81,0.27"
583,"0.81,0.28"
583,"0.81,0.30"
583,"0.81,0.31"
583,"0.81,0.32"
583,"0.82,0.15"
583,"0.82,0.16"
583,"0.82,0.17"
583,"0.82,0.18"
583,"0.82,0.20"
583,"0.82,0.21"
583,"0.82,0.27"
583,"0.82,0.28"
583,"0.82,0.29"
583,"0.82,0.31"
583,"0.82,0.32"
583,"0.82,0.33"
583,"0.83,0.15"
583,"0.83,0.17"
583,"0.83,0.18"
583,"0.83,0.30"
583,"0.84,0.15"
583,"0.84,0.16"
583,"0.84,0.17"
583,"0.84,0.18"
583,"0.85,0.16"
583,"0.85,0.18"
583,"0.86,0.17"
583,"0.86,0.18"
583,"0.87,0.16"
583,"0.88,0.17"
583,"0.89,0.13"
583,"0.90,0.17"
583,"0.91,0.12"
583,"0.91,0.17"
583,"0.92,0.12"
584,"0.74,0.22"
584,"0.75,0.15"
584,"0.76,0.15"
584,"0.77,0.20"
584,"0.78,0.20"
585,"0.67,0.27"
585,"0.68,0.27"
585,"0.69,0.27"
585,"0.70,0.27"
585,"0.76,0.15"
585,"0.79,0.30"
586,"0.70,0.22"
586,"0.75,0.17"
586,"0.76,0.15"
587,"0.67,0.22"
587,"0.70,0.22"
587,"0.73,0.18"
587,"0.74,0.21"
587,"0.75,0.19"
587,"0.77,0.20"
588,"0.69,0.23"
588,"0.70,0.22"
588,"0.70,0.23"
588,"0.72,0.22"
589,"0.74,0.25"
589,"0.75,0.25"
590,"0.21,0.33"
590,"0.22,0.33"
590,"0.28,0.34"
590,"0.67,0.27"
590,"0.70,0.22"
590,"0.70,0.23"
590,"0.72,0.22"
590,"0.73,0.16"
590,"0.76,0.26"
590,"0.77,0.20"
590,"0.77,0.28"
590,"0.78,0.29"
590,"0.79,0.30"
591,"0.19,0.91"
591,"0.72,0.22"
591,"0.73,0.22"
591,"0.74,0.22"
591,"0.75,0.22"
591,"0.76,0.21"
591,"0.76,0.22"
591,"0.76,0.23"
591,"0.77,0.20"
591,"0.77,0.21"
591,"0.77,0.22"
591,"0.77,0.23"
591,"0.77,0.24"
591,"0.77,0.25"
591,"0.78,0.23"
591,"0.79,0.23"
591,"0.79,0.25"
592,"0.62,0.27"
592,"0.67,0.22"
592,"0.67,0.27"
592,"0.68,0.22"
592,"0.70,0.22"
592,"0.70,0.23"
592,"0.71,0.22"
592,"0.72,0.22"
592,"0.72,0.23"
592,"0.72,0.27"
592,"0.74,0.20"
592,"0.74,0.22"
592,"0.74,0.27"
592,"0.75,0.17"
592,"0.77,0.23"
592,"0.77,0.28"
592,"0.78,0.29"
592,"0.79,0.25"
592,"0.79,0.30"
592,"0.80,0.27"
592,"0.80,0.28"
592,"0.80,0.30"
592,"0.82,0.15"
593,"0.73,0.16"
593,"0.76,0.15"
593,"0.78,0.29"
594,"0.72,0.17"
594,"0.73,0.16"
594,"0.74,0.16"
594,"0.75,0.17"
594,"0.76,0.15"
595,"0.73,0.26"
595,"0.76,0.15"
595,"0.77,0.28"
595,"0.78,0.27"
595,"0.78,0.29"
596,"0.72,0.27"
596,"0.76,0.15"
596,"0.77,0.20"
596,"0.77,0.28"
596,"0.77,0.29"
596,"0.78,0.29"
596,"0.79,0.25"
596,"0.79,0.30"
596,"0.83,0.15"
598,"0.72,0.22"
598,"0.73,0.16"
598,"0.73,0.26"
598,"0.75,0.15"
598,"0.75,0.17"
598,"0.76,0.15"
598,"0.78,0.29"
598,"0.79,0.25"
598,"0.88,0.48"
599,"0.21,0.33"
599,"0.21,0.34"
599,"0.22,0.30"
599,"0.22,0.33"
599,"0.46,0.58"
599,"0.48,0.59"
599,"0.66,0.28"
599,"0.66,0.65"
599,"0.67,0.27"
599,"0.70,0.22"
599,"0.71,0.60"
599,"0.71,0.84"
599,"0.72,0.22"
599,"0.73,0.16"
599,"0.73,0.26"
599,"0.74,0.27"
599,"0.74,0.28"
599,"0.75,0.27"
599,"0.76,0.15"
599,"0.77,0.20"
599,"0.77,0.28"
599,"0.77,0.29"
599,"0.78,0.18"
599,"0.78,0.29"
599,"0.78,0.83"
599,"0.79,0.25"
599,"0.82,0.52"
599,"0.83,0.15"
599,"0.84,0.50"
599,"0.84,0.51"
599,"0.84,0.53"
599,"0.86,0.50"
599,"0.86,0.51"
599,"0.87,0.51"
599,"0.89,0.60"
600,"0.76,0.15"
601,"0.76,0.15"
601,"0.77,0.25"
601,"0.77,0.28"
601,"0.77,0.29"
601,"0.78,0.27"
601,"0.78,0.29"
601,"0.79,0.25"
601,"0.79,0.26"
601,"0.79,0.27"
601,"0.80,0.29"
601,"0.81,0.29"
602,"0.70,0.22"
602,"0.76,0.15"
603,"0.72,0.17"
603,"0.73,0.16"
603,"0.73,0.18"
603,"0.74,0.16"
603,"0.75,0.15"
603,"0.75,0.17"
603,"0.75,0.23"
603,"0.75,0.24"
603,"0.76,0.15"
603,"0.77,0.20"
603,"0.77,0.23"
603,"0.79,0.23"
603,"0.79,0.25"
603,"0.83,0.17"
603,"0.84,0.18"
604,"0.70,0.22"
604,"0.73,0.16"
604,"0.78,0.29"
604,"0.79,0.29"
605,"0.70,0.22"
605,"0.72,0.22"
605,"0.74,0.24"
605,"0.78,0.26"
605,"0.78,0.29"
606,"0.75,0.17"
606,"0.76,0.15"
606,"0.76,0.19"
606,"0.76,0.24"
606,"0.77,0.16"
606,"0.77,0.20"
606,"0.78,0.20"
606,"0.79,0.25"
607,"0.73,0.16"
607,"0.76,0.15"
607,"0.77,0.20"
607,"0.78,0.20"
607,"0.78,0.29"
607,"0.79,0.25"
607,"0.79,0.26"
607,"0.80,0.52"
609,"0.67,0.27"
609,"0.76,0.15"
610,"0.70,0.22"
610,"0.74,0.24"
610,"0.77,0.25"
610,"0.78,0.25"
610,"0.79,0.26"
611,"0.76,0.15"
612,"0.73,0.26"
612,"0.77,0.23"
614,"0.73,0.22"
614,"0.74,0.22"
614,"0.75,0.23"
615,"0.70,0.22"
615,"0.75,0.17"
615,"0.77,0.20"
615,"0.77,0.29"
616,"0.70,0.22"
617,"0.79,0.53"
617,"0.80,0.53"
617,"0.82,0.53"
618,"0.74,0.89"
619,"0.74,0.89"
620,"0.74,0.89"
620,"0.75,0.89"
621,"0.86,0.51"
621,"0.86,0.52"
622,"0.76,0.15"
622,"0.81,0.23"
622,"0.81,0.24"
623,"0.70,0.22"
623,"0.73,0.26"
623,"0.84,0.51"
623,"0.84,0.52"
623,"0.84,0.53"
623,"0.85,0.52"
623,"0.88,0.53"
624,"0.76,0.15"
624,"0.76,0.16"
624,"0.77,0.15"
624,"0.77,0.16"
624,"0.79,0.15"
624,"0.82,0.15"
625,"0.72,0.17"
625,"0.73,0.26"
625,"0.77,0.28"
625,"0.78,0.29"
625,"0.79,0.29"
625,"0.79,0.30"
625,"0.80,0.30"
626,"0.72,0.22"
626,"0.73,0.23"
626,"0.84,0.20"
628,"0.83,0.53"
628,"0.83,0.54"
628,"0.84,0.53"
628,"0.86,0.50"
628,"0.87,0.53"
628,"0.87,0.54"
629,"0.74,0.89"
630,"0.64,0.61"
630,"0.66,0.65"
630,"0.67,0.64"
631,"0.67,0.27"
632,"0.57,0.72"
632,"0.60,0.72"
632,"0.61,0.72"
633,"0.69,0.27"
633,"0.70,0.22"
633,"0.70,0.27"
633,"0.71,0.27"
633,"0.72,0.22"
633,"0.73,0.18"
633,"0.73,0.24"
633,"0.73,0.26"
633,"0.74,0.23"
633,"0.74,0.24"
633,"0.74,0.25"
633,"0.74,0.28"
633,"0.75,0.17"
633,"0.75,0.23"
633,"0.75,0.25"
633,"0.76,0.15"
633,"0.78,0.18"
633,"0.78,0.29"
634,"0.73,0.17"
634,"0.76,0.15"
634,"0.80,0.27"
635,"0.70,0.22"
635,"0.71,0.22"
635,"0.72,0.22"
635,"0.73,0.23"
635,"0.73,0.26"
635,"0.75,0.23"
635,"0.76,0.28"
635,"0.77,0.28"
635,"0.78,0.18"
635,"0.78,0.20"
635,"0.79,0.20"
635,"0.80,0.17"
635,"0.81,0.16"
635,"0.81,0.17"
635,"0.81,0.23"
635,"0.82,0.15"
635,"0.82,0.16"
635,"0.83,0.15"
635,"0.83,0.16"
636,"0.62,0.06"
636,"0.63,0.06"
637,"0.64,0.61"
637,"0.66,0.63"
637,"0.66,0.65"
638,"0.66,0.63"
638,"0.67,0.22"
638,"0.69,0.22"
638,"0.70,0.22"
638,"0.70,0.23"
638,"0.72,0.22"
638,"0.73,0.16"
638,"0.73,0.17"
639,"0.66,0.63"
640,"0.64,0.61"
642,"0.83,0.15"
642,"0.84,0.15"
643,"0.64,0.61"
643,"0.77,0.26"
643,"0.77,0.28"
643,"0.77,0.29"
643,"0.84,0.51"
644,"0.67,0.64"
644,"0.68,0.64"
644,"0.69,0.63"
644,"0.69,0.64"
644,"0.70,0.63"
644,"0.77,0.25"
644,"0.79,0.25"
645,"0.84,0.53"
645,"0.88,0.53"
646,"0.76,0.28"
646,"0.77,0.28"
646,"0.77,0.29"
646,"0.78,0.29"
646,"0.79,0.26"
646,"0.80,0.28"
646,"0.86,0.50"
648,"0.70,0.23"
648,"0.73,0.26"
648,"0.74,0.24"
648,"0.77,0.23"
648,"0.77,0.25"
648,"0.77,0.26"
648,"0.78,0.25"
648,"0.78,0.26"
648,"0.78,0.27"
648,"0.78,0.28"
648,"0.78,0.29"
648,"0.79,0.26"
648,"0.79,0.28"
648,"0.80,0.25"
649,"0.70,0.22"
649,"0.72,0.22"
650,"0.48,0.79"
650,"0.49,0.79"
650,"0.56,0.80"
650,"0.64,0.82"
650,"0.81,0.50"
650,"0.86,0.50"
651,"0.76,0.15"
652,"0.74,0.16"
652,"0.74,0.17"
652,"0.75,0.15"
652,"0.75,0.17"
652,"0.76,0.15"
652,"0.76,0.16"
653,"0.75,0.15"
653,"0.76,0.15"
654,"0.68,0.22"
654,"0.70,0.22"
654,"0.70,0.23"
654,"0.72,0.22"
654,"0.75,0.23"
656,"0.80,0.51"
656,"0.82,0.51"
656,"0.84,0.50"
656,"0.84,0.51"
657,"0.75,0.17"
657,"0.77,0.29"
657,"0.79,0.26"
657,"0.80,0.25"
657,"0.80,0.27"
657,"0.81,0.25"
657,"0.82,0.28"
657,"0.82,0.29"
657,"0.83,0.30"
658,"0.73,0.16"
658,"0.74,0.16"
658,"0.75,0.15"
658,"0.76,0.15"
658,"0.76,0.28"
658,"0.77,0.16"
658,"0.77,0.28"
658,"0.78,0.29"
658,"0.80,0.24"
658,"0.81,0.23"
658,"0.81,0.24"
659,"0.41,0.81"
659,"0.43,0.80"
660,"0.42,0.81"
660,"0.70,0.22"
661,"0.34,0.07"
661,"0.34,0.08"
661,"0.35,0.07"
661,"0.73,0.16"
661,"0.75,0.17"
661,"0.76,0.15"
661,"0.78,0.18"
661,"0.79,0.17"
661,"0.79,0.18"
661,"0.79,0.30"
661,"0.81,0.17"
661,"0.82,0.16"
661,"0.83,0.16"
661,"0.83,0.17"
661,"0.83,0.52"
661,"0.84,0.50"
661,"0.84,0.51"
661,"0.85,0.52"
661,"0.86,0.50"
661,"0.91,0.53"
662,"0.78,0.29"
665,"0.63,0.05"
665,"0.64,0.05"
665,"0.75,0.17"
666,"0.73,0.16"
666,"0.73,0.17"
666,"0.86,0.50"
667,"0.71,0.20"
667,"0.72,0.20"
668,"0.72,0.17"
668,"0.73,0.16"
668,"0.73,0.17"
668,"0.74,0.16"
668,"0.76,0.15"
668,"0.78,0.29"
668,"0.81,0.31"
668,"0.81,0.32"
669,"0.73,0.16"
669,"0.74,0.18"
669,"0.75,0.17"
669,"0.75,0.18"
669,"0.76,0.18"
671,"0.76,0.15"
673,"0.73,0.16"
673,"0.73,0.17"
673,"0.73,0.18"
673,"0.74,0.17"
673,"0.75,0.15"
673,"0.75,0.17"
673,"0.76,0.15"
673,"0.81,0.23"
673,"0.81,0.24"
673,"0.82,0.23"
673,"0.83,0.15"
674,"0.72,0.22"
675,"0.86,0.50"
675,"0.87,0.50"
676,"0.77,0.26"
677,"0.21,0.55"
677,"0.22,0.55"
677,"0.22,0.56"
677,"0.22,0.57"
677,"0.23,0.56"
677,"0.24,0.57"
677,"0.26,0.57"
677,"0.28,0.58"
677,"0.53,0.78"
677,"0.58,0.78"
678,"0.72,0.17"
678,"0.73,0.16"
678,"0.73,0.17"
679,"0.87,0.50"
680,"0.63,0.05"
680,"0.63,0.06"
680,"0.64,0.05"
680,"0.69,0.22"
680,"0.70,0.22"
680,"0.75,0.17"
680,"0.76,0.15"
680,"0.77,0.20"
682,"0.77,0.28"
682,"0.78,0.29"
685,"0.48,0.79"
685,"0.49,0.79"
686,"0.73,0.16"
686,"0.73,0.17"
687,"0.78,0.29"
687,"0.79,0.29"
687,"0.79,0.30"
687,"0.80,0.29"
688,"0.79,0.29"
689,"0.76,0.15"
691,"0.78,0.27"
692,"0.78,0.27"
692,"0.78,0.29"
693,"0.75,0.19"
693,"0.76,0.19"
693,"0.77,0.20"
693,"0.79,0.25"
693,"0.79,0.29"
693,"0.79,0.30"
693,"0.80,0.30"
694,"0.73,0.16"
694,"0.73,0.17"
695,"0.75,0.15"
695,"0.76,0.15"
695,"0.77,0.19"
695,"0.77,0.20"
695,"0.78,0.20"
696,"0.73,0.16"
696,"0.73,0.17"
697,"0.76,0.15"
697,"0.82,0.16"
697,"0.83,0.15"
697,"0.83,0.16"
698,"0.92,0.55"
698,"0.93,0.55"
699,"0.73,0.16"
699,"0.73,0.17"
700,"0.87,0.53"
700,"0.87,0.54"
701,"0.73,0.26"
702,"0.75,0.17"
703,"0.70,0.22"
703,"0.70,0.23"
703,"0.71,0.22"
704,"0.78,0.29"
704,"0.79,0.29"
704,"0.80,0.29"
707,"0.69,0.27"
707,"0.73,0.16"
708,"0.92,0.55"
710,"0.68,0.26"
710,"0.68,0.27"
710,"0.69,0.27"
710,"0.72,0.22"
710,"0.73,0.26"
710,"0.74,0.24"
710,"0.75,0.23"
710,"0.75,0.24"
710,"0.77,0.21"
710,"0.77,0.23"
710,"0.78,0.20"
711,"0.87,0.51"
712,"0.62,0.78"
713,"0.82,0.52"
713,"0.83,0.52"
714,"0.87,0.50"
714,"0.88,0.49"
714,"0.88,0.50"
714,"0.89,0.49"
715,"0.73,0.16"
715,"0.73,0.17"
715,"0.75,0.15"
715,"0.75,0.16"
715,"0.76,0.15"
716,"0.70,0.22"
716,"0.70,0.23"
716,"0.72,0.22"
716,"0.78,0.29"
718,"0.78,0.29"
719,"0.67,0.27"
719,"0.68,0.27"
719,"0.69,0.27"
719,"0.75,0.17"
719,"0.75,0.28"
719,"0.76,0.28"
719,"0.77,0.28"
720,"0.55,0.31"
720,"0.67,0.27"
720,"0.68,0.27"
720,"0.76,0.15"
720,"0.78,0.29"
720,"0.86,0.18"
720,"0.88,0.18"
721,"0.83,0.15"
721,"0.83,0.16"
722,"0.78,0.29"
723,"0.70,0.22"
723,"0.71,0.20"
723,"0.71,0.22"
723,"0.72,0.22"
723,"0.79,0.25"
723,"0.80,0.25"
723,"0.80,0.26"
724,"0.28,0.58"
724,"0.29,0.59"
724,"0.30,0.59"
724,"0.78,0.29"
724,"0.84,0.50"
724,"0.84,0.51"
724,"0.84,0.53"
724,"0.85,0.51"
724,"0.86,0.51"
724,"0.87,0.51"
724,"0.87,0.52"
725,"0.75,0.15"
725,"0.75,0.17"
725,"0.76,0.15"
725,"0.79,0.25"
726,"0.86,0.50"
727,"0.69,0.45"
728,"0.76,0.20"
728,"0.77,0.20"
728,"0.78,0.20"
728,"0.78,0.27"
729,"0.72,0.22"
729,"0.72,0.23"
729,"0.73,0.23"
730,"0.70,0.22"
730,"0.70,0.23"
730,"0.71,0.22"
730,"0.73,0.16"
730,"0.76,0.15"
730,"0.79,0.25"
730,"0.82,0.15"
731,"0.64,0.26"
731,"0.69,0.27"
732,"0.75,0.17"
732,"0.76,0.28"
732,"0.77,0.28"
732,"0.78,0.28"
732,"0.80,0.25"
734,"0.22,0.55"
734,"0.22,0.56"
734,"0.23,0.55"
735,"0.74,0.25"
735,"0.74,0.26"
735,"0.75,0.25"
735,"0.75,0.26"
736,"0.78,0.29"
737,"0.67,0.27"
738,"0.79,0.29"
738,"0.79,0.30"
738,"0.80,0.30"
739,"0.62,0.06"
739,"0.63,0.05"
739,"0.63,0.06"
739,"0.64,0.05"
739,"0.69,0.27"
739,"0.70,0.27"
739,"0.72,0.27"
739,"0.73,0.26"
739,"0.74,0.25"
739,"0.74,0.26"
739,"0.74,0.27"
739,"0.75,0.25"
739,"0.75,0.27"
740,"0.70,0.22"
740,"0.71,0.22"
740,"0.76,0.15"
741,"0.78,0.29"
741,"0.79,0.29"
741,"0.79,0.30"
741,"0.80,0.30"
741,"0.80,0.32"
741,"0.81,0.30"
741,"0.81,0.32"
741,"0.82,0.30"
741,"0.82,0.31"
741,"0.82,0.32"
741,"0.83,0.15"
742,"0.73,0.16"
742,"0.73,0.17"
743,"0.72,0.18"
743,"0.72,0.19"
744,"0.82,0.52"
745,"0.72,0.22"
745,"0.75,0.15"
745,"0.76,0.15"
745,"0.76,0.16"
745,"0.76,0.19"
745,"0.77,0.16"
745,"0.77,0.18"
745,"0.77,0.19"
746,"0.83,0.15"
748,"0.72,0.17"
748,"0.73,0.17"
749,"0.77,0.28"
749,"0.77,0.29"
749,"0.78,0.29"
750,"0.70,0.22"
751,"0.70,0.22"
751,"0.71,0.22"
751,"0.72,0.22"
752,"0.72,0.17"
752,"0.73,0.16"
752,"0.73,0.17"
752,"0.78,0.18"
752,"0.83,0.15"
752,"0.83,0.17"
753,"0.72,0.17"
753,"0.73,0.16"
753,"0.73,0.17"
753,"0.75,0.15"
753,"0.76,0.15"
753,"0.77,0.15"
755,"0.76,0.28"
755,"0.76,0.29"
755,"0.77,0.28"
755,"0.77,0.29"
755,"0.78,0.29"
756,"0.85,0.52"
756,"0.85,0.54"
756,"0.86,0.49"
756,"0.86,0.50"
756,"0.87,0.50"
759,"0.77,0.56"
759,"0.87,0.49"
759,"0.88,0.49"
760,"0.74,0.16"
760,"0.75,0.16"
763,"0.72,0.27"
763,"0.73,0.27"
763,"0.74,0.28"
763,"0.75,0.28"
763,"0.76,0.28"
763,"0.77,0.28"
765,"0.72,0.17"
765,"0.77,0.16"
766,"0.45,0.33"
767,"0.78,0.27"
767,"0.79,0.25"
767,"0.79,0.26"
769,"0.76,0.15"
769,"0.77,0.15"
769,"0.79,0.15"
769,"0.81,0.15"
769,"0.82,0.15"
769,"0.83,0.15"
769,"0.84,0.15"
770,"0.78,0.29"
770,"0.79,0.29"
771,"0.77,0.20"
771,"0.86,0.49"
771,"0.86,0.50"
771,"0.87,0.49"
771,"0.88,0.49"
771,"0.89,0.49"
772,"0.76,0.28"
772,"0.77,0.28"
772,"0.77,0.29"
772,"0.78,0.28"
772,"0.78,0.29"
772,"0.80,0.27"
772,"0.81,0.28"
773,"0.72,0.22"
773,"0.73,0.22"
773,"0.74,0.22"
774,"0.73,0.26"
774,"0.74,0.25"
774,"0.74,0.26"
774,"0.75,0.25"
774,"0.76,0.26"
774,"0.77,0.26"
774,"0.78,0.25"
775,"0.70,0.22"
775,"0.73,0.21"
775,"0.74,0.21"
775,"0.75,0.20"
775,"0.77,0.20"
776,"0.00,0.33"
776,"0.22,0.55"
776,"0.22,0.57"
776,"0.25,0.59"
776,"0.26,0.57"
776,"0.28,0.58"
776,"0.28,0.59"
776,"0.30,0.58"
776,"0.43,0.80"
776,"0.48,0.79"
776,"0.49,0.79"
776,"0.50,0.79"
776,"0.54,0.97"
776,"0.56,0.80"
776,"0.58,0.78"
776,"0.58,0.84"
776,"0.65,0.75"
776,"0.66,0.84"
776,"0.69,0.27"
776,"0.70,0.22"
776,"0.70,0.24"
776,"0.70,0.76"
776,"0.71,0.70"
776,"0.72,0.22"
776,"0.72,0.24"
776,"0.73,0.25"
776,"0.73,0.26"
776,"0.73,0.27"
776,"0.74,0.20"
776,"0.74,0.22"
776,"0.74,0.24"
776,"0.75,0.15"
776,"0.75,0.18"
776,"0.75,0.27"
776,"0.76,0.15"
776,"0.76,0.22"
776,"0.76,0.26"
776,"0.77,0.25"
776,"0.77,0.26"
776,"0.77,0.27"
776,"0.77,0.28"
776,"0.77,0.29"
776,"0.77,0.51"
776,"0.78,0.18"
776,"0.78,0.20"
776,"0.78,0.22"
776,"0.78,0.26"
776,"0.78,0.29"
776,"0.78,0.55"
776,"0.79,0.23"
776,"0.79,0.25"
776,"0.79,0.29"
776,"0.79,0.30"
776,"0.80,0.17"
776,"0.80,0.19"
776,"0.80,0.21"
776,"0.80,0.22"
776,"0.80,0.26"
776,"0.80,0.27"
776,"0.80,0.30"
776,"0.81,0.25"
776,"0.81,0.29"
776,"0.81,0.30"
776,"0.82,0.15"
776,"0.82,0.52"
776,"0.83,0.15"
776,"0.83,0.18"
776,"0.83,0.21"
776,"0.84,0.15"
776,"0.84,0.50"
776,"0.84,0.51"
776,"0.84,0.52"
776,"0.84,0.53"
776,"0.85,0.54"
776,"0.86,0.50"
776,"0.87,0.54"
776,"0.88,0.53"
776,"0.92,0.57"
776,"0.96,0.08"
777,"0.72,0.17"
777,"0.73,0.16"
777,"0.73,0.17"
777,"0.74,0.17"
777,"0.75,0.17"
777,"0.76,0.15"
778,"0.78,0.53"
778,"0.81,0.53"
778,"0.82,0.52"
778,"0.82,0.53"
779,"0.66,0.27"
779,"0.67,0.27"
779,"0.75,0.17"
779,"0.75,0.27"
779,"0.76,0.15"
779,"0.76,0.28"
779,"0.77,0.20"
779,"0.78,0.20"
779,"0.79,0.25"
780,"0.72,0.27"
780,"0.74,0.27"
780,"0.75,0.27"
780,"0.78,0.27"
781,"0.77,0.25"
781,"0.77,0.26"
781,"0.78,0.25"
781,"0.78,0.26"
782,"0.73,0.16"
782,"0.73,0.17"
783,"0.70,0.22"
783,"0.73,0.16"
783,"0.77,0.28"
783,"0.78,0.20"
783,"0.79,0.25"
783,"0.80,0.24"
783,"0.80,0.25"
783,"0.81,0.25"
784,"0.92,0.55"
784,"0.93,0.55"
786,"0.70,0.22"
786,"0.70,0.23"
786,"0.79,0.29"
786,"0.79,0.30"
786,"0.80,0.30"
786,"0.81,0.30"
787,"0.77,0.28"
788,"0.79,0.26"
789,"0.86,0.49"
789,"0.86,0.50"
789,"0.87,0.49"
790,"0.81,0.15"
790,"0.82,0.15"
791,"0.84,0.52"
792,"0.75,0.48"
792,"0.75,0.49"
792,"0.84,0.50"
792,"0.84,0.51"
793,"0.74,0.23"
793,"0.74,0.24"
793,"0.75,0.23"
793,"0.77,0.23"
794,"0.73,0.17"
796,"0.87,0.49"
796,"0.88,0.49"
797,"0.78,0.47"
797,"0.85,0.51"
797,"0.86,0.51"
797,"0.86,0.52"
798,"0.73,0.16"
798,"0.74,0.16"
799,"0.70,0.22"
800,"0.86,0.52"
800,"0.87,0.52"
801,"0.86,0.50"
801,"0.87,0.49"
801,"0.87,0.50"
802,"0.78,0.55"
802,"0.83,0.53"
802,"0.84,0.53"
804,"0.76,0.15"
806,"0.92,0.53"
806,"0.93,0.53"
807,"0.76,0.15"
807,"0.83,0.15"
808,"0.82,0.15"
808,"0.83,0.15"
809,"0.77,0.28"
809,"0.78,0.28"
811,"0.73,0.16"
811,"0.73,0.17"
812,"0.83,0.49"
812,"0.83,0.50"
812,"0.84,0.49"
812,"0.84,0.50"
812,"0.84,0.51"
814,"0.79,0.29"
814,"0.79,0.30"
814,"0.80,0.30"
815,"0.88,0.53"
816,"0.76,0.15"
816,"0.76,0.16"
816,"0.77,0.15"
816,"0.77,0.16"
817,"0.82,0.29"
818,"0.58,0.78"
819,"0.70,0.22"
819,"0.72,0.22"
819,"0.73,0.21"
819,"0.77,0.25"
819,"0.77,0.26"
819,"0.79,0.25"
820,"0.72,0.18"
820,"0.73,0.18"
820,"0.74,0.18"
821,"0.78,0.29"
821,"0.86,0.50"
822,"0.78,0.27"
822,"0.79,0.27"
823,"0.67,0.27"
823,"0.68,0.27"
823,"0.70,0.27"
823,"0.72,0.26"
823,"0.72,0.27"
823,"0.73,0.26"
823,"0.73,0.27"
825,"0.69,0.23"
825,"0.70,0.22"
825,"0.70,0.23"
825,"0.70,0.24"
825,"0.71,0.23"
825,"0.72,0.22"
825,"0.72,0.23"
825,"0.72,0.24"
825,"0.72,0.25"
825,"0.73,0.25"
826,"0.73,0.25"
826,"0.73,0.26"
826,"0.74,0.25"
827,"0.85,0.49"
827,"0.86,0.50"
829,"0.73,0.16"
829,"0.76,0.15"
829,"0.76,0.28"
829,"0.77,0.28"
829,"0.78,0.29"
829,"0.79,0.25"
830,"0.66,0.84"
830,"0.67,0.27"
830,"0.70,0.22"
830,"0.72,0.17"
830,"0.73,0.16"
830,"0.73,0.17"
830,"0.75,0.15"
830,"0.75,0.17"
830,"0.76,0.15"
830,"0.76,0.16"
830,"0.77,0.16"
830,"0.77,0.20"
830,"0.77,0.28"
830,"0.77,0.29"
830,"0.78,0.29"
830,"0.78,0.49"
830,"0.78,0.50"
830,"0.79,0.50"
830,"0.79,0.53"
830,"0.81,0.50"
830,"0.84,0.50"
830,"0.84,0.51"
830,"0.85,0.52"
831,"0.73,0.16"
831,"0.73,0.17"
832,"0.72,0.17"
832,"0.73,0.16"
832,"0.73,0.17"
832,"0.74,0.16"
832,"0.75,0.16"
832,"0.76,0.15"
832,"0.76,0.16"
832,"0.78,0.20"
832,"0.79,0.25"
833,"0.75,0.15"
833,"0.75,0.17"
833,"0.76,0.15"
834,"0.67,0.22"
834,"0.68,0.22"
834,"0.69,0.22"
834,"0.70,0.22"
836,"0.73,0.16"
836,"0.73,0.17"
836,"0.75,0.17"
836,"0.76,0.15"
836,"0.79,0.25"
836,"0.82,0.29"
836,"0.83,0.15"
836,"0.84,0.15"
837,"0.74,0.89"
838,"0.73,0.26"
838,"0.75,0.25"
840,"0.84,0.50"
840,"0.84,0.51"
841,"0.61,0.31"
842,"0.70,0.22"
842,"0.78,0.29"
844,"0.74,0.20"
844,"0.75,0.17"
844,"0.76,0.15"
844,"0.77,0.23"
844,"0.78,0.18"
844,"0.80,0.18"
844,"0.81,0.18"
844,"0.81,0.19"
844,"0.82,0.18"
844,"0.83,0.15"
845,"0.72,0.22"
847,"0.76,0.24"
847,"0.77,0.24"
847,"0.78,0.25"
847,"0.79,0.25"
847,"0.80,0.25"
847,"0.81,0.25"
849,"0.76,0.15"
850,"0.76,0.15"
850,"0.77,0.15"
851,"0.73,0.18"
852,"0.77,0.29"
852,"0.78,0.29"
853,"0.78,0.29"
854,"0.70,0.22"
854,"0.71,0.22"
854,"0.72,0.22"
854,"0.73,0.22"
854,"0.74,0.22"
855,"0.70,0.22"
856,"0.70,0.24"
859,"0.70,0.22"
859,"0.72,0.17"
859,"0.72,0.18"
859,"0.73,0.18"
859,"0.74,0.18"
859,"0.75,0.17"
859,"0.76,0.15"
859,"0.78,0.29"
859,"0.79,0.29"
859,"0.79,0.30"
859,"0.83,0.15"
859,"0.84,0.15"
860,"0.77,0.28"
860,"0.78,0.28"
861,"0.74,0.21"
861,"0.74,0.22"
861,"0.75,0.20"
861,"0.75,0.21"
861,"0.77,0.20"
862,"0.75,0.23"
862,"0.75,0.24"
862,"0.76,0.24"
863,"0.81,0.23"
863,"0.81,0.24"
864,"0.70,0.22"
865,"0.72,0.17"
865,"0.73,0.16"
865,"0.73,0.17"
865,"0.74,0.17"
865,"0.75,0.17"
865,"0.76,0.15"
865,"0.78,0.20"
865,"0.79,0.30"
865,"0.83,0.15"
865,"0.92,0.07"
865,"0.93,0.07"
865,"0.93,0.08"
866,"0.41,0.82"
866,"0.43,0.80"
866,"0.44,0.84"
866,"0.64,0.82"
866,"0.71,0.84"
866,"0.77,0.83"
866,"0.78,0.83"
867,"0.67,0.28"
867,"0.74,0.27"
867,"0.76,0.15"
867,"0.79,0.30"
867,"0.80,0.30"
868,"0.77,0.28"
868,"0.77,0.29"
868,"0.78,0.28"
868,"0.78,0.29"
869,"0.80,0.24"
869,"0.81,0.23"
869,"0.81,0.24"
869,"0.82,0.23"
869,"0.83,0.23"
870,"0.76,0.15"
870,"0.79,0.30"
871,"0.80,0.25"
872,"0.78,0.24"
872,"0.78,0.25"
873,"0.74,0.26"
874,"0.76,0.28"
874,"0.76,0.29"
874,"0.77,0.28"
874,"0.77,0.29"
874,"0.78,0.26"
874,"0.79,0.25"
875,"0.70,0.22"
875,"0.71,0.22"
876,"0.73,0.16"
876,"0.73,0.17"
876,"0.74,0.16"
876,"0.76,0.15"
876,"0.77,0.20"
876,"0.82,0.15"
877,"0.70,0.22"
877,"0.70,0.23"
877,"0.71,0.22"
877,"0.71,0.23"
877,"0.72,0.22"
877,"0.72,0.23"
877,"0.73,0.22"
877,"0.74,0.22"
877,"0.75,0.23"
878,"0.69,0.23"
878,"0.70,0.22"
878,"0.70,0.23"
878,"0.72,0.22"
878,"0.77,0.20"
878,"0.78,0.20"
879,"0.27,0.87"
879,"0.43,0.80"
879,"0.48,0.79"
879,"0.49,0.79"
879,"0.52,0.78"
879,"0.58,0.78"
880,"0.89,0.53"
880,"0.90,0.53"
880,"0.91,0.53"
880,"0.92,0.55"
880,"0.93,0.55"
880,"0.94,0.55"
880,"0.95,0.55"
880,"0.97,0.56"
882,"0.58,0.84"
882,"0.71,0.84"
882,"0.84,0.50"
883,"0.72,0.17"
883,"0.73,0.16"
883,"0.73,0.26"
883,"0.75,0.28"
883,"0.79,0.25"
883,"0.79,0.29"
883,"0.79,0.30"
883,"0.83,0.15"
884,"0.30,0.38"
884,"0.84,0.51"
884,"0.87,0.51"
884,"0.89,0.52"
884,"0.89,0.53"
884,"0.90,0.53"
884,"0.92,0.53"
887,"0.64,0.82"
887,"0.78,0.29"
887,"0.79,0.25"
887,"0.79,0.26"
887,"0.80,0.27"
887,"0.84,0.15"
887,"0.86,0.50"
888,"0.48,0.52"
888,"0.76,0.47"
888,"0.77,0.47"
890,"0.79,0.23"
890,"0.79,0.24"
890,"0.79,0.25"
891,"0.58,0.91"
892,"0.48,0.79"
892,"0.49,0.79"
892,"0.58,0.84"
892,"0.64,0.82"
893,"0.78,0.24"
893,"0.78,0.25"
893,"0.79,0.25"
894,"0.64,0.61"
895,"0.80,0.27"
897,"0.85,0.54"
898,"0.75,0.15"
898,"0.76,0.15"
899,"0.71,0.22"
899,"0.71,0.23"
899,"0.72,0.22"
899,"0.72,0.23"
899,"0.73,0.23"
899,"0.73,0.24"
899,"0.74,0.24"
900,"0.65,0.19"
900,"0.67,0.27"
900,"0.70,0.22"
900,"0.70,0.23"
900,"0.70,0.24"
900,"0.70,0.25"
900,"0.72,0.22"
900,"0.72,0.23"
900,"0.72,0.26"
900,"0.73,0.16"
900,"0.73,0.17"
900,"0.73,0.26"
900,"0.74,0.25"
900,"0.74,0.26"
900,"0.74,0.27"
900,"0.78,0.18"
900,"0.78,0.29"
900,"0.79,0.25"
900,"0.89,0.49"
903,"0.67,0.27"
904,"0.68,0.27"
904,"0.69,0.26"
904,"0.69,0.27"
905,"0.66,0.27"
905,"0.67,0.27"
905,"0.68,0.26"
905,"0.68,0.27"
905,"0.69,0.27"
905,"0.70,0.27"
905,"0.73,0.26"
905,"0.84,0.52"
905,"0.84,0.53"
905,"0.85,0.52"
905,"0.85,0.53"
905,"0.86,0.53"
906,"0.67,0.27"
906,"0.68,0.27"
906,"0.69,0.27"
906,"0.73,0.26"
906,"0.85,0.52"
906,"0.86,0.52"
908,"0.70,0.22"
908,"0.71,0.18"
908,"0.71,0.22"
908,"0.72,0.22"
908,"0.73,0.22"
908,"0.74,0.18"
908,"0.74,0.21"
908,"0.75,0.18"
908,"0.76,0.20"
908,"0.77,0.19"
908,"0.77,0.20"
908,"0.78,0.18"
908,"0.78,0.20"
908,"0.79,0.20"
909,"0.70,0.22"
909,"0.70,0.24"
909,"0.70,0.26"
909,"0.71,0.22"
909,"0.71,0.24"
909,"0.72,0.22"
909,"0.72,0.23"
909,"0.78,0.26"
909,"0.79,0.25"
910,"0.74,0.27"
911,"0.66,0.27"
911,"0.67,0.27"
911,"0.78,0.25"
911,"0.79,0.25"
912,"0.72,0.22"
912,"0.72,0.23"
914,"0.68,0.27"
914,"0.69,0.27"
914,"0.70,0.22"
914,"0.70,0.23"
914,"0.70,0.24"
914,"0.72,0.24"
914,"0.72,0.25"
914,"0.72,0.26"
914,"0.73,0.25"
914,"0.73,0.26"
914,"0.73,0.48"
914,"0.74,0.25"
914,"0.74,0.26"
914,"0.74,0.27"
914,"0.75,0.25"
914,"0.75,0.49"
914,"0.76,0.15"
914,"0.77,0.20"
914,"0.78,0.29"
914,"0.82,0.29"
916,"0.74,0.89"
918,"0.18,1.00"
918,"0.19,0.90"
918,"0.19,0.92"
918,"0.20,0.99"
918,"0.21,0.89"
918,"0.21,0.92"
918,"0.22,0.89"
918,"0.22,0.90"
918,"0.24,0.83"
918,"0.85,0.49"
918,"0.86,0.47"
918,"0.86,0.49"
918,"0.86,0.50"
918,"0.87,0.47"
918,"0.87,0.48"
918,"0.87,0.49"
918,"0.87,0.50"
918,"0.88,0.49"
918,"0.88,0.50"
918,"0.89,0.49"
918,"0.90,0.49"
919,"0.63,0.06"
919,"0.67,0.27"
919,"0.70,0.23"
919,"0.72,0.17"
919,"0.73,0.17"
919,"0.73,0.18"
919,"0.74,0.18"
919,"0.74,0.27"
919,"0.75,0.17"
919,"0.78,0.29"
920,"0.77,0.25"
921,"0.74,0.89"
923,"0.70,0.26"
923,"0.70,0.27"
924,"0.22,0.93"
924,"0.27,0.93"
924,"0.29,0.87"
924,"0.30,0.88"
924,"0.34,0.91"
924,"0.35,0.91"
924,"0.38,0.87"
924,"0.48,0.79"
924,"0.49,0.79"
924,"0.66,0.65"
924,"0.86,0.50"
924,"0.88,0.49"
925,"0.74,0.89"
926,"0.83,0.15"
927,"0.80,0.25"
928,"0.75,0.17"
928,"0.80,0.15"
928,"0.81,0.15"
928,"0.82,0.15"
929,"0.70,0.22"
929,"0.71,0.22"
930,"0.74,0.22"
931,"0.70,0.22"
931,"0.70,0.23"
931,"0.71,0.23"
931,"0.72,0.17"
931,"0.72,0.18"
931,"0.72,0.22"
931,"0.72,0.23"
931,"0.73,0.16"
931,"0.73,0.17"
931,"0.73,0.18"
931,"0.73,0.23"
931,"0.73,0.26"
931,"0.74,0.22"
931,"0.74,0.23"
931,"0.75,0.25"
931,"0.77,0.20"
931,"0.77,0.23"
931,"0.78,0.29"
932,"0.74,0.27"
932,"0.75,0.27"
933,"0.86,0.51"
937,"0.68,0.27"
937,"0.69,0.27"
939,"0.86,0.50"
939,"0.92,0.55"
939,"0.93,0.54"
939,"0.93,0.55"
939,"0.94,0.54"
939,"0.94,0.55"
939,"0.95,0.55"
939,"0.95,0.56"
939,"0.96,0.56"
939,"0.97,0.56"
941,"0.70,0.22"
941,"0.70,0.23"
941,"0.71,0.20"
941,"0.71,0.21"
941,"0.72,0.17"
941,"0.72,0.18"
941,"0.72,0.20"
941,"0.75,0.25"
941,"0.79,0.26"
941,"0.79,0.29"
942,"0.79,0.29"
942,"0.79,0.30"
943,"0.74,0.17"
943,"0.75,0.17"
943,"0.78,0.27"
943,"0.78,0.28"
943,"0.79,0.28"
944,"0.76,0.15"
944,"0.76,0.16"
945,"0.76,0.24"
946,"0.70,0.22"
946,"0.70,0.23"
946,"0.70,0.25"
946,"0.71,0.22"
946,"0.71,0.24"
946,"0.71,0.25"
946,"0.72,0.22"
946,"0.72,0.24"
946,"0.73,0.18"
946,"0.73,0.23"
946,"0.73,0.24"
946,"0.73,0.26"
946,"0.74,0.23"
946,"0.74,0.24"
946,"0.75,0.17"
946,"0.77,0.24"
946,"0.77,0.28"
946,"0.79,0.23"
946,"0.79,0.25"
947,"0.67,0.27"
947,"0.68,0.27"
947,"0.70,0.22"
947,"0.70,0.23"
947,"0.71,0.22"
947,"0.71,0.23"
947,"0.72,0.22"
947,"0.73,0.18"
947,"0.73,0.26"
947,"0.74,0.24"
947,"0.74,0.25"
947,"0.74,0.27"
947,"0.75,0.25"
947,"0.76,0.15"
947,"0.77,0.15"
947,"0.77,0.16"
947,"0.77,0.20"
947,"0.79,0.25"
948,"0.77,0.25"
948,"0.79,0.25"
948,"0.80,0.25"
951,"0.86,0.50"
951,"0.87,0.49"
951,"0.88,0.49"
952,"0.76,0.15"
953,"0.78,0.28"
954,"0.64,0.61"
956,"0.69,0.22"
956,"0.70,0.22"
956,"0.70,0.23"
956,"0.71,0.22"
956,"0.72,0.22"
956,"0.78,0.29"
956,"0.79,0.25"
956,"0.81,0.28"
956,"0.82,0.28"
957,"0.77,0.16"
957,"0.77,0.28"
957,"0.78,0.29"
957,"0.79,0.25"
957,"0.81,0.29"
957,"0.82,0.15"
957,"0.83,0.15"
959,"0.78,0.29"
960,"0.73,0.18"
960,"0.74,0.22"
961,"0.69,0.27"
961,"0.76,0.25"
961,"0.77,0.25"
961,"0.77,0.26"
961,"0.78,0.26"
962,"0.74,0.86"
962,"0.75,0.86"
962,"0.76,0.86"
963,"0.72,0.22"
963,"0.74,0.21"
963,"0.75,0.20"
963,"0.75,0.21"
963,"0.77,0.20"
963,"0.77,0.23"
963,"0.77,0.29"
963,"0.78,0.27"
963,"0.79,0.25"
964,"0.74,0.26"
964,"0.75,0.26"
966,"0.86,0.50"
966,"0.88,0.49"
967,"0.77,0.26"
967,"0.78,0.26"
968,"0.75,0.17"
968,"0.77,0.16"
968,"0.78,0.27"
969,"0.86,0.50"
969,"0.87,0.49"
969,"0.87,0.50"
970,"0.74,0.89"
970,"0.75,0.89"
971,"0.69,0.27"
971,"0.70,0.22"
971,"0.70,0.23"
971,"0.70,0.24"
971,"0.70,0.25"
971,"0.71,0.25"
971,"0.71,0.26"
971,"0.73,0.26"
973,"0.74,0.26"
973,"0.74,0.27"
974,"0.77,0.26"
974,"0.78,0.29"
974,"0.79,0.29"
975,"0.77,0.28"
975,"0.78,0.27"
975,"0.78,0.28"
975,"0.79,0.25"
975,"0.79,0.26"
975,"0.80,0.25"
975,"0.81,0.25"
976,"0.75,0.17"
976,"0.79,0.25"
976,"0.80,0.25"
977,"0.67,0.27"
977,"0.69,0.27"
977,"0.70,0.27"
977,"0.71,0.27"
977,"0.72,0.27"
977,"0.74,0.27"
977,"0.75,0.27"
977,"0.76,0.27"
977,"0.77,0.27"
977,"0.78,0.27"
977,"0.79,0.27"
978,"0.72,0.22"
978,"0.73,0.25"
978,"0.74,0.23"
978,"0.74,0.24"
978,"0.74,0.25"
978,"0.75,0.23"
978,"0.82,0.15"
978,"0.83,0.15"
978,"0.83,0.17"
979,"0.22,0.93"
980,"0.42,0.81"
980,"0.43,0.80"
981,"0.84,0.54"
981,"0.85,0.54"
982,"0.67,0.27"
982,"0.68,0.27"
982,"0.69,0.27"
982,"0.78,0.29"
983,"0.73,0.16"
983,"0.73,0.17"
983,"0.74,0.16"
983,"0.75,0.16"
983,"0.76,0.15"
983,"0.76,0.16"
984,"0.86,0.50"
985,"0.77,0.20"
985,"0.78,0.20"
986,"0.70,0.22"
986,"0.70,0.23"
986,"0.71,0.22"
989,"0.70,0.22"
989,"0.70,0.23"
989,"0.71,0.22"
989,"0.72,0.22"
989,"0.73,0.16"
989,"0.73,0.18"
989,"0.75,0.17"
989,"0.77,0.23"
990,"0.72,0.17"
990,"0.73,0.17"
991,"0.77,0.29"
991,"0.78,0.29"
991,"0.79,0.29"
992,"0.78,0.29"
993,"0.67,0.27"
993,"0.74,0.26"
993,"0.74,0.27"
993,"0.75,0.26"
995,"0.67,0.27"
995,"0.78,0.29"
995,"0.79,0.29"
995,"0.79,0.30"
996,"0.42,0.80"
996,"0.43,0.80"
997,"0.78,0.29"
997,"0.79,0.29"
997,"0.79,0.30"
997,"0.82,0.15"
997,"0.83,0.15"
997,"0.84,0.15"
998,"0.76,0.86"
999,"0.78,0.29"
999,"0.79,0.25"
1000,"0.86,0.51"
1000,"0.87,0.51"